Landmark,X,Y,Z,Visibility
0,0.6956982612609863,0.6372548937797546,3.880529320099413e-08,0.0
1,0.6488898396492004,0.5928813219070435,-0.012559506110846996,0.0
2,0.6306043863296509,0.5152473449707031,-0.015432697720825672,0.0
3,0.6401539444923401,0.4511326849460602,-0.020010583102703094,0.0
4,0.6459550261497498,0.3983421325683594,-0.023143280297517776,0.0
5,0.6238572597503662,0.4620802402496338,0.01674014702439308,0.0
6,0.6130266189575195,0.4101499915122986,-0.004077210556715727,0.0
7,0.6108270287513733,0.38025251030921936,-0.02584860473871231,0.0
8,0.6131223440170288,0.374919056892395,-0.03882783651351929,0.0
9,0.6571015119552612,0.44908836483955383,0.012062989175319672,0.0
10,0.6499348878860474,0.38333356380462646,-0.005313015077263117,0.0
11,0.6464551687240601,0.3518364727497101,-0.02590377815067768,0.0
12,0.6431966423988342,0.34912049770355225,-0.038384951651096344,0.0
13,0.6887486577033997,0.45351850986480713,0.002261040499433875,0.0
14,0.6903776526451111,0.3843797445297241,-0.01659839041531086,0.0
15,0.68093341588974,0.3565521538257599,-0.03258907422423363,0.0
16,0.6706306338310242,0.3575217127799988,-0.04123266786336899,0.0
17,0.7212517857551575,0.4727390706539154,-0.00918392464518547,0.0
18,0.7089495062828064,0.428957998752594,-0.02757182903587818,0.0
19,0.6914363503456116,0.4049491286277771,-0.038701627403497696,0.0
20,0.6721988916397095,0.39605239033699036,-0.04435311257839203,0.0
