Landmark,X,Y,Z,Visibility
0,0.6980141401290894,0.6478243470191956,2.890352845952293e-08,0.0
1,0.6518508195877075,0.6010357141494751,-0.01195795089006424,0.0
2,0.6368698477745056,0.5193310379981995,-0.013531780801713467,0.0
3,0.649324357509613,0.45692795515060425,-0.016717666760087013,0.0
4,0.6599701046943665,0.41076400876045227,-0.018652191385626793,0.0
5,0.631489098072052,0.4665793478488922,0.017192894592881203,0.0
6,0.6238494515419006,0.41930916905403137,0.000859985884744674,0.0
7,0.6228967905044556,0.3900897204875946,-0.017863210290670395,0.0
8,0.6257853507995605,0.3783895671367645,-0.030468476936221123,0.0
9,0.666248083114624,0.45542392134666443,0.012429327704012394,0.0
10,0.6613582372665405,0.3895208239555359,-0.0036171884275972843,0.0
11,0.6589879393577576,0.3571944534778595,-0.023068543523550034,0.0
12,0.6570273637771606,0.35044580698013306,-0.035276368260383606,0.0
13,0.6977323293685913,0.4619005620479584,0.0029872101731598377,0.0
14,0.7004200220108032,0.391449511051178,-0.01524283830076456,0.0
15,0.6909568905830383,0.3655919134616852,-0.030225371941924095,0.0
16,0.6808615326881409,0.36761558055877686,-0.038375940173864365,0.0
17,0.7300146222114563,0.48230090737342834,-0.008073065429925919,0.0
18,0.7198949456214905,0.4356478154659271,-0.025345711037516594,0.0
19,0.7032832503318787,0.41103923320770264,-0.035546619445085526,0.0
20,0.6845689415931702,0.40115177631378174,-0.04106125608086586,0.0
