Landmark,X,Y,Z,Visibility
0,0.783737301826477,0.344382107257843,4.4961373646401626e-07,0.0
1,0.7046605944633484,0.3653274178504944,-0.028930380940437317,0.0
2,0.6538529396057129,0.4564242362976074,-0.07307785004377365,0.0
3,0.6460740566253662,0.5599804520606995,-0.1075495257973671,0.0
4,0.6487089395523071,0.6405909657478333,-0.14873747527599335,0.0
5,0.6628280878067017,0.4033019244670868,-0.15843480825424194,0.0
6,0.6130470633506775,0.5011461973190308,-0.20521673560142517,0.0
7,0.5778630375862122,0.5683690309524536,-0.23155595362186432,0.0
8,0.5494029521942139,0.6233643293380737,-0.24905334413051605,0.0
9,0.7269361019134521,0.40205106139183044,-0.1569061130285263,0.0
10,0.6986854672431946,0.5744293332099915,-0.20048363506793976,0.0
11,0.6758028268814087,0.6774861812591553,-0.21133199334144592,0.0
12,0.6659480929374695,0.7490623593330383,-0.22476772964000702,0.0
13,0.7878258228302002,0.4203449487686157,-0.1462978720664978,0.0
14,0.7425028085708618,0.5852810740470886,-0.17085929214954376,0.0
15,0.723685085773468,0.5591711401939392,-0.14865604043006897,0.0
16,0.7267842292785645,0.512740433216095,-0.1350351721048355,0.0
17,0.8333384394645691,0.45268818736076355,-0.13571998476982117,0.0
18,0.7807867527008057,0.572645902633667,-0.1548224538564682,0.0
19,0.7601929903030396,0.5487215518951416,-0.1383531540632248,0.0
20,0.7557803392410278,0.503604531288147,-0.12563155591487885,0.0
