Landmark,X,Y,Z,Visibility
0,0.5184469819068909,0.7183727025985718,-1.112059351271455e-07,0.0
1,0.4879171848297119,0.6924609541893005,-0.012422137893736362,0.0
2,0.4778490662574768,0.6173661351203918,-0.01827685348689556,0.0
3,0.4950505495071411,0.5768548846244812,-0.025467606261372566,0.0
4,0.5204631686210632,0.5916860103607178,-0.03072095848619938,0.0
5,0.511776864528656,0.5442725419998169,-0.0031291472259908915,0.0
6,0.5162427425384521,0.475969523191452,-0.020484009757637978,0.0
7,0.5000200867652893,0.4753847122192383,-0.0326930433511734,0.0
8,0.492716521024704,0.5079968571662903,-0.038652993738651276,0.0
9,0.5328060984611511,0.5468371510505676,-0.006378634367138147,0.0
10,0.5434315204620361,0.46724897623062134,-0.024718593806028366,0.0
11,0.5234426856040955,0.4712723195552826,-0.032234225422143936,0.0
12,0.5156390070915222,0.5120971202850342,-0.03205401077866554,0.0
13,0.5512055158615112,0.5645561814308167,-0.012997215613722801,0.0
14,0.5644561648368835,0.4880358874797821,-0.026808487251400948,0.0
15,0.5464575886726379,0.4964485466480255,-0.027972258627414703,0.0
16,0.5412171483039856,0.5343302488327026,-0.024330494925379753,0.0
17,0.5698527097702026,0.5918561220169067,-0.021765422075986862,0.0
18,0.5777431726455688,0.5351478457450867,-0.03160519525408745,0.0
19,0.563161313533783,0.5366243124008179,-0.03270548954606056,0.0
20,0.5558927059173584,0.566759467124939,-0.030410049483180046,0.0
