Landmark,X,Y,Z,Visibility
0,0.47600293159484863,0.6870246529579163,-1.6095572874519348e-08,0.0
1,0.4436444938182831,0.6682586669921875,-0.014757415279746056,0.0
2,0.414894700050354,0.6126099228858948,-0.02510122023522854,0.0
3,0.40447285771369934,0.558846116065979,-0.03635156527161598,0.0
4,0.43268901109695435,0.5427139401435852,-0.04407002404332161,0.0
5,0.4439343512058258,0.5073691010475159,-0.01441843993961811,0.0
6,0.4439803957939148,0.4235941171646118,-0.03395743668079376,0.0
7,0.4305562674999237,0.41853970289230347,-0.04402342811226845,0.0
8,0.42671507596969604,0.45352762937545776,-0.04834798350930214,0.0
9,0.46766653656959534,0.5032615065574646,-0.017689360305666924,0.0
10,0.4680684804916382,0.41226908564567566,-0.04182685911655426,0.0
11,0.45323023200035095,0.42818400263786316,-0.05043357238173485,0.0
12,0.4508496820926666,0.47229820489883423,-0.0504535436630249,0.0
13,0.4900936186313629,0.5144263505935669,-0.02344953827559948,0.0
14,0.49342408776283264,0.4227357506752014,-0.039190202951431274,0.0
15,0.4820292592048645,0.4411827325820923,-0.03483416885137558,0.0
16,0.4776470959186554,0.48378726840019226,-0.027053100988268852,0.0
17,0.5133358836174011,0.5344812870025635,-0.031626828014850616,0.0
18,0.5209596753120422,0.46526822447776794,-0.04362800717353821,0.0
19,0.5115652084350586,0.47192496061325073,-0.043152906000614166,0.0
20,0.5032762885093689,0.5051559805870056,-0.038743000477552414,0.0
