Landmark,X,Y,Z,Visibility
0,0.43948644399642944,0.5921390056610107,-1.851605020419811e-07,0.0
1,0.38347092270851135,0.5721977949142456,-0.019524237141013145,0.0
2,0.352204829454422,0.49168410897254944,-0.028961729258298874,0.0
3,0.382377028465271,0.43403491377830505,-0.04030381888151169,0.0
4,0.4307168424129486,0.4383396804332733,-0.050120554864406586,0.0
5,0.3718721270561218,0.4004945456981659,-0.0021586164366453886,0.0
6,0.3648780882358551,0.32845616340637207,-0.02859378792345524,0.0
7,0.35111919045448303,0.33590081334114075,-0.051396336406469345,0.0
8,0.3505064845085144,0.37278151512145996,-0.06386056542396545,0.0
9,0.40516623854637146,0.39051899313926697,-0.006097764708101749,0.0
10,0.4020209014415741,0.30480265617370605,-0.03298238664865494,0.0
11,0.38469135761260986,0.31477412581443787,-0.051327288150787354,0.0
12,0.38263165950775146,0.36070552468299866,-0.05745669826865196,0.0
13,0.43809396028518677,0.39723098278045654,-0.015224325470626354,0.0
14,0.44130638241767883,0.31881529092788696,-0.037210613489151,0.0
15,0.4245894253253937,0.328695684671402,-0.05122606083750725,0.0
16,0.4218187928199768,0.37262219190597534,-0.054470211267471313,0.0
17,0.4717552959918976,0.41319766640663147,-0.027276063337922096,0.0
18,0.4746185839176178,0.350727915763855,-0.04408854991197586,0.0
19,0.46064484119415283,0.3455452024936676,-0.05407240614295006,0.0
20,0.4540253281593323,0.37328964471817017,-0.057270538061857224,0.0
