Landmark,X,Y,Z,Visibility
0,0.7370154857635498,0.6967211961746216,-2.646006862505601e-07,0.0
1,0.6663635969161987,0.6716512441635132,-0.03792499005794525,0.0
2,0.6133085489273071,0.5635773539543152,-0.06608760356903076,0.0
3,0.6553609371185303,0.48105087876319885,-0.09641783684492111,0.0
4,0.7253825664520264,0.45314913988113403,-0.12322565168142319,0.0
5,0.6323724985122681,0.36473169922828674,-0.03508834168314934,0.0
6,0.6352415084838867,0.21544328331947327,-0.09279768913984299,0.0
7,0.6256502270698547,0.24195154011249542,-0.1349254846572876,0.0
8,0.6241764426231384,0.32600483298301697,-0.15516957640647888,0.0
9,0.7021961808204651,0.3531681299209595,-0.044306326657533646,0.0
10,0.7102543115615845,0.18494470417499542,-0.10420186072587967,0.0
11,0.6887060403823853,0.23351116478443146,-0.13626977801322937,0.0
12,0.6797842979431152,0.3300095200538635,-0.14451125264167786,0.0
13,0.7652024030685425,0.37011468410491943,-0.06094630807638168,0.0
14,0.7764058709144592,0.21079809963703156,-0.1048220545053482,0.0
15,0.7555123567581177,0.2521446943283081,-0.11842793226242065,0.0
16,0.7474073171615601,0.33626580238342285,-0.11630737781524658,0.0
17,0.8272068500518799,0.41072311997413635,-0.0821293294429779,0.0
18,0.8372936248779297,0.29382872581481934,-0.1110273227095604,0.0
19,0.821553111076355,0.3036823868751526,-0.11669886112213135,0.0
20,0.811572253704071,0.35630324482917786,-0.11317658424377441,0.0
