Landmark,X,Y,Z,Visibility
0,0.4673190414905548,0.6094285845756531,-1.1857684256710854e-07,0.0
1,0.41315528750419617,0.5833245515823364,-0.019689742475748062,0.0
2,0.3860261142253876,0.49820640683174133,-0.02916659787297249,0.0
3,0.418632835149765,0.44229185581207275,-0.040357064455747604,0.0
4,0.4689578413963318,0.4540412127971649,-0.05042807012796402,0.0
5,0.41477060317993164,0.4041363000869751,-0.0014679888263344765,0.0
6,0.4123607873916626,0.3294268846511841,-0.027360929176211357,0.0
7,0.39904916286468506,0.3267175853252411,-0.0505300834774971,0.0
8,0.39681559801101685,0.359680712223053,-0.06331741809844971,0.0
9,0.4478856325149536,0.3980737328529358,-0.005032144486904144,0.0
10,0.446392297744751,0.3103145658969879,-0.032287243753671646,0.0
11,0.42900338768959045,0.3130498230457306,-0.0517343170940876,0.0
12,0.42432475090026855,0.35943788290023804,-0.05862285569310188,0.0
13,0.47987356781959534,0.40732115507125854,-0.013787534087896347,0.0
14,0.4841937720775604,0.32631757855415344,-0.03606771305203438,0.0
15,0.4646815061569214,0.3316407799720764,-0.052018385380506516,0.0
16,0.4576145112514496,0.375978946685791,-0.056669000536203384,0.0
17,0.5131204128265381,0.4255369305610657,-0.02532580867409706,0.0
18,0.514638364315033,0.3605736494064331,-0.043133918195962906,0.0
19,0.5007211565971375,0.35405802726745605,-0.05452337488532066,0.0
20,0.4925716817378998,0.3818584680557251,-0.058696258813142776,0.0
