Landmark,X,Y,Z,Visibility
0,0.42907392978668213,0.5860076546669006,-1.1259565013688189e-07,0.0
1,0.379950612783432,0.5705363750457764,-0.018171191215515137,0.0
2,0.3493669927120209,0.4973437190055847,-0.028091024607419968,0.0
3,0.3734182119369507,0.4412226378917694,-0.03951936960220337,0.0
4,0.4164668023586273,0.4367368519306183,-0.04960453137755394,0.0
5,0.3665010631084442,0.41191667318344116,-0.007870473898947239,0.0
6,0.36108890175819397,0.3402225375175476,-0.033941589295864105,0.0
7,0.3495212197303772,0.342334508895874,-0.05528908595442772,0.0
8,0.34875980019569397,0.375491201877594,-0.06649772077798843,0.0
9,0.3990572690963745,0.4010694622993469,-0.011902867816388607,0.0
10,0.39580705761909485,0.3193594515323639,-0.03760606423020363,0.0
11,0.3809469938278198,0.32508113980293274,-0.053690697997808456,0.0
12,0.37913814187049866,0.36785566806793213,-0.05877058580517769,0.0
13,0.4314964711666107,0.40666064620018005,-0.02038395032286644,0.0
14,0.43370893597602844,0.32874253392219543,-0.04113062843680382,0.0
15,0.41923561692237854,0.33600160479545593,-0.051858339458703995,0.0
16,0.41620758175849915,0.3775186836719513,-0.053543321788311005,0.0
17,0.4639771580696106,0.422390878200531,-0.03146097809076309,0.0
18,0.4666507840156555,0.36263149976730347,-0.047800056636333466,0.0
19,0.45356741547584534,0.3563809096813202,-0.05548093840479851,0.0
20,0.4460955560207367,0.3811813294887543,-0.05700630322098732,0.0
