Landmark,X,Y,Z,Visibility
0,0.4126059412956238,0.6136799454689026,-4.058086062741495e-07,0.0
1,0.454967737197876,0.561366856098175,-0.014233546331524849,0.0
2,0.4850521683692932,0.46199819445610046,-0.015288702212274075,0.0
3,0.49432623386383057,0.383680522441864,-0.017394036054611206,0.0
4,0.4846526086330414,0.3210736811161041,-0.016189826652407646,0.0
5,0.45266515016555786,0.39839956164360046,-0.0037984189111739397,0.0
6,0.46249404549598694,0.35018616914749146,-0.02359664812684059,0.0
7,0.45956742763519287,0.4140630066394806,-0.029184231534600258,0.0
8,0.4557982385158539,0.46552714705467224,-0.025616899132728577,0.0
9,0.4226846992969513,0.40035295486450195,-0.005258660297840834,0.0
10,0.43232253193855286,0.34841540455818176,-0.033953942358493805,0.0
11,0.4346741735935211,0.4266192615032196,-0.04150329902768135,0.0
12,0.435791939496994,0.486164927482605,-0.036504264920949936,0.0
13,0.3911592364311218,0.4090328514575958,-0.010466663166880608,0.0
14,0.4001195430755615,0.3643623888492584,-0.039154425263404846,0.0
15,0.4092293381690979,0.4441252052783966,-0.03962310031056404,0.0
16,0.4155816435813904,0.5044341087341309,-0.028492983430624008,0.0
17,0.3589438199996948,0.42321938276290894,-0.0165377426892519,0.0
18,0.34938666224479675,0.3400702476501465,-0.028957735747098923,0.0
19,0.35135599970817566,0.28816667199134827,-0.029146641492843628,0.0
20,0.3583470582962036,0.23834650218486786,-0.024755382910370827,0.0
