Landmark,X,Y,Z,Visibility
0,0.7472692728042603,0.8515418171882629,-1.0895811328737182e-06,0.0
1,0.6477490663528442,0.7984490990638733,-0.032803330570459366,0.0
2,0.5701020956039429,0.6622562408447266,-0.04808478429913521,0.0
3,0.5384826064109802,0.5472102761268616,-0.06660635024309158,0.0
4,0.5411902070045471,0.44425684213638306,-0.0761122778058052,0.0
5,0.625649631023407,0.5448725819587708,-0.011855453252792358,0.0
6,0.6127378940582275,0.46771126985549927,-0.06207551807165146,0.0
7,0.6179699301719666,0.5690376162528992,-0.08255663514137268,0.0
8,0.6232182383537292,0.6519248485565186,-0.08554878830909729,0.0
9,0.6900969743728638,0.5444502830505371,-0.01573379524052143,0.0
10,0.6734197735786438,0.4779168367385864,-0.08375178277492523,0.0
11,0.6682535409927368,0.6017273664474487,-0.10486312955617905,0.0
12,0.6666631698608398,0.6917193531990051,-0.10189054161310196,0.0
13,0.7551653981208801,0.5563881397247314,-0.028054239228367805,0.0
14,0.7397497892379761,0.5014482140541077,-0.09643296152353287,0.0
15,0.7210207581520081,0.6192407608032227,-0.0995645672082901,0.0
16,0.7079012989997864,0.7053821086883545,-0.08020821213722229,0.0
17,0.8181637525558472,0.5723277926445007,-0.042166903614997864,0.0
18,0.8298254013061523,0.4509211480617523,-0.08254407346248627,0.0
19,0.8322599530220032,0.37016570568084717,-0.09243636578321457,0.0
20,0.8284212350845337,0.2942853569984436,-0.0897330716252327,0.0
