Landmark,X,Y,Z,Visibility
0,0.7091297507286072,0.6309958696365356,-6.602406870115374e-07,0.0
1,0.6496891975402832,0.6031877994537354,-0.011718354187905788,0.0
2,0.6006761193275452,0.5358158946037292,-0.01879088394343853,0.0
3,0.5815828442573547,0.47491273283958435,-0.028449874371290207,0.0
4,0.586388349533081,0.4218514561653137,-0.03396960720419884,0.0
5,0.6323844194412231,0.45538130402565,-0.0018661175854504108,0.0
6,0.6179159283638,0.4164279103279114,-0.029783720150589943,0.0
7,0.6244010329246521,0.4674948453903198,-0.04572165384888649,0.0
8,0.632140576839447,0.5121603608131409,-0.050846464931964874,0.0
9,0.6681978106498718,0.4519535303115845,-0.005918683484196663,0.0
10,0.6562659740447998,0.4187551736831665,-0.04138462617993355,0.0
11,0.6604004502296448,0.48757508397102356,-0.0539410263299942,0.0
12,0.6673679351806641,0.5384058356285095,-0.05278711020946503,0.0
13,0.704264760017395,0.4568760395050049,-0.013597391545772552,0.0
14,0.6948046684265137,0.4270350933074951,-0.045430462807416916,0.0
15,0.6911966800689697,0.49118274450302124,-0.04350201413035393,0.0
16,0.6920925378799438,0.5403782725334167,-0.031255606561899185,0.0
17,0.7394875884056091,0.46718159317970276,-0.022260049358010292,0.0
18,0.7380010485649109,0.4059723913669586,-0.03985537961125374,0.0
19,0.7286431789398193,0.36661991477012634,-0.04099929332733154,0.0
20,0.7181703448295593,0.3304022252559662,-0.03618261218070984,0.0
