Landmark,X,Y,Z,Visibility
0,0.6891033053398132,0.6091019511222839,-5.993028935336042e-07,0.0
1,0.6313673853874207,0.5805038809776306,-0.009740252047777176,0.0
2,0.5868606567382812,0.5212440490722656,-0.01615072414278984,0.0
3,0.5669717788696289,0.46585196256637573,-0.026353556662797928,0.0
4,0.569918155670166,0.41458117961883545,-0.032818108797073364,0.0
5,0.6188430786132812,0.4563386142253876,0.002958024153485894,0.0
6,0.6034631133079529,0.41468679904937744,-0.02356228604912758,0.0
7,0.6086718440055847,0.4603249430656433,-0.037754978984594345,0.0
8,0.6161048412322998,0.5024072527885437,-0.04115455597639084,0.0
9,0.6519603133201599,0.4500890076160431,-0.0016375232953578234,0.0
10,0.6378597021102905,0.4148567318916321,-0.035137057304382324,0.0
11,0.6404949426651001,0.47281742095947266,-0.047103866934776306,0.0
12,0.6461396813392639,0.5201197862625122,-0.046193018555641174,0.0
13,0.6859458684921265,0.44857844710350037,-0.0099785216152668,0.0
14,0.6712498068809509,0.417660653591156,-0.041271988302469254,0.0
15,0.6697838306427002,0.4774276316165924,-0.0406508632004261,0.0
16,0.6722775101661682,0.524294376373291,-0.02927451953291893,0.0
17,0.719907283782959,0.45088866353034973,-0.01914300210773945,0.0
18,0.7175477147102356,0.38954946398735046,-0.03562450408935547,0.0
19,0.7093213796615601,0.35068315267562866,-0.03710735961794853,0.0
20,0.6993518471717834,0.3167179226875305,-0.03292888402938843,0.0
