Landmark,X,Y,Z,Visibility
0,0.669485867023468,0.6725872159004211,1.510215525968306e-07,0.0
1,0.6419795751571655,0.6551302075386047,-0.012737156823277473,0.0
2,0.6125471591949463,0.6045529246330261,-0.022554976865649223,0.0
3,0.5879513621330261,0.5656120777130127,-0.032192718237638474,0.0
4,0.5738378763198853,0.5268241167068481,-0.041330404579639435,0.0
5,0.6346419453620911,0.5246082544326782,-0.013464679010212421,0.0
6,0.6116743087768555,0.47943779826164246,-0.032759856432676315,0.0
7,0.5915331244468689,0.4813513457775116,-0.04684634506702423,0.0
8,0.5783635377883911,0.49461933970451355,-0.05397222563624382,0.0
9,0.6524016261100769,0.506501317024231,-0.017084086313843727,0.0
10,0.6329466104507446,0.43500107526779175,-0.03149743378162384,0.0
11,0.6179414987564087,0.38597869873046875,-0.04090341553092003,0.0
12,0.6056804656982422,0.3394450843334198,-0.04602932929992676,0.0
13,0.6743173003196716,0.507921576499939,-0.023286908864974976,0.0
14,0.6670846343040466,0.4304329752922058,-0.039212338626384735,0.0
15,0.6639518737792969,0.37826088070869446,-0.04647500440478325,0.0
16,0.6605236530303955,0.33223751187324524,-0.04941985756158829,0.0
17,0.696862518787384,0.5242533087730408,-0.030246617272496223,0.0
18,0.704633891582489,0.4607541561126709,-0.04359406977891922,0.0
19,0.7110203504562378,0.4149855375289917,-0.04687943309545517,0.0
20,0.7157683968544006,0.3727260231971741,-0.04749627038836479,0.0
