Landmark,X,Y,Z,Visibility
0,0.6886537075042725,0.6641572117805481,1.5021029753370385e-07,0.0
1,0.6616464853286743,0.6482807397842407,-0.011807369999587536,0.0
2,0.632729709148407,0.5943418145179749,-0.019528497010469437,0.0
3,0.6101168990135193,0.5529295802116394,-0.026793960481882095,0.0
4,0.5974991917610168,0.5142988562583923,-0.03340163454413414,0.0
5,0.6591998338699341,0.5169965028762817,-0.011521821841597557,0.0
6,0.6375250220298767,0.4729239344596863,-0.027974341064691544,0.0
7,0.6180330514907837,0.4727972447872162,-0.040097590535879135,0.0
8,0.6045272350311279,0.48422327637672424,-0.046385303139686584,0.0
9,0.6773728132247925,0.5013325214385986,-0.01500769890844822,0.0
10,0.6619035601615906,0.428053617477417,-0.026749538257718086,0.0
11,0.6507101058959961,0.37842223048210144,-0.03405817225575447,0.0
12,0.6412228941917419,0.33287230134010315,-0.03805302083492279,0.0
13,0.6991479992866516,0.5039229989051819,-0.021090533584356308,0.0
14,0.6928395628929138,0.4264039993286133,-0.035574883222579956,0.0
15,0.6908249258995056,0.3731326758861542,-0.04200116917490959,0.0
16,0.6874882578849792,0.32621440291404724,-0.04453666880726814,0.0
17,0.7217957377433777,0.5206078886985779,-0.027928350493311882,0.0
18,0.7290228605270386,0.4567030966281891,-0.041494473814964294,0.0
19,0.7363831996917725,0.41278213262557983,-0.04507887735962868,0.0
20,0.7410275936126709,0.3722856342792511,-0.045910343527793884,0.0
