Landmark,X,Y,Z,Visibility
0,0.6826393604278564,0.6711741089820862,1.5858012147873524e-07,0.0
1,0.6555078029632568,0.6522518396377563,-0.012946253642439842,0.0
2,0.628172755241394,0.5998900532722473,-0.02272755652666092,0.0
3,0.6043674945831299,0.5600916147232056,-0.032485369592905045,0.0
4,0.5888146162033081,0.5219680666923523,-0.041432175785303116,0.0
5,0.6482080221176147,0.5196999907493591,-0.0108865424990654,0.0
6,0.626874566078186,0.47465628385543823,-0.03054451383650303,0.0
7,0.607393205165863,0.4754108190536499,-0.04517098516225815,0.0
8,0.5936047434806824,0.4875025153160095,-0.05255494266748428,0.0
9,0.6664971113204956,0.5025405287742615,-0.014804073609411716,0.0
10,0.6497304439544678,0.427447646856308,-0.028801221400499344,0.0
11,0.6377436518669128,0.37671348452568054,-0.03733845427632332,0.0
12,0.6274856925010681,0.32899975776672363,-0.041789375245571136,0.0
13,0.6888411641120911,0.5054295063018799,-0.021828001365065575,0.0
14,0.6830238699913025,0.42791861295700073,-0.037923045456409454,0.0
15,0.6809196472167969,0.3745238482952118,-0.044866740703582764,0.0
16,0.6777313351631165,0.326321542263031,-0.04745974764227867,0.0
17,0.7120772004127502,0.5241261124610901,-0.029791316017508507,0.0
18,0.7208343148231506,0.4610731899738312,-0.04325955733656883,0.0
19,0.7286399602890015,0.41739028692245483,-0.046229038387537,0.0
20,0.7339208126068115,0.37713056802749634,-0.046553075313568115,0.0
