Landmark,X,Y,Z,Visibility
0,0.4513239562511444,0.5827173590660095,1.5471937331312802e-07,0.0
1,0.49266910552978516,0.560407280921936,-0.0039429133757948875,0.0
2,0.5278227925300598,0.528835654258728,-0.013852045871317387,0.0
3,0.5575220584869385,0.516176700592041,-0.026872359216213226,0.0
4,0.5807790756225586,0.49600750207901,-0.03886781632900238,0.0
5,0.5196889638900757,0.4281085133552551,-0.008958615362644196,0.0
6,0.5501905679702759,0.39310017228126526,-0.034245844930410385,0.0
7,0.5631654858589172,0.4292749762535095,-0.052389368414878845,0.0
8,0.5709654092788696,0.4698261618614197,-0.06153909116983414,0.0
9,0.5077580809593201,0.41596803069114685,-0.020838135853409767,0.0
10,0.531013548374176,0.3434264659881592,-0.03768765926361084,0.0
11,0.5572176575660706,0.3026691973209381,-0.050791412591934204,0.0
12,0.5814642310142517,0.2687727212905884,-0.06028743460774422,0.0
13,0.4899260401725769,0.4254950284957886,-0.03552563488483429,0.0
14,0.5001028180122375,0.3431380093097687,-0.05163821205496788,0.0
15,0.5160686373710632,0.29778218269348145,-0.06303510069847107,0.0
16,0.5350801944732666,0.2596730887889862,-0.0710064172744751,0.0
17,0.4724644720554352,0.4548604488372803,-0.05079985037446022,0.0
18,0.4617358446121216,0.39340734481811523,-0.06584332138299942,0.0
19,0.46250322461128235,0.3455164432525635,-0.07307277619838715,0.0
20,0.4685734212398529,0.300981342792511,-0.0777948722243309,0.0
