Landmark,X,Y,Z,Visibility
0,0.45075640082359314,0.5727035999298096,1.214494034229574e-07,0.0
1,0.49195581674575806,0.5533797740936279,-0.002412328729405999,0.0
2,0.527689516544342,0.5193385481834412,-0.011091843247413635,0.0
3,0.5571815371513367,0.5067181587219238,-0.023316092789173126,0.0
4,0.5812681317329407,0.4899744987487793,-0.034647926688194275,0.0
5,0.5197141170501709,0.4168502390384674,-0.005493617616593838,0.0
6,0.5499825477600098,0.382930725812912,-0.029300523921847343,0.0
7,0.5619442462921143,0.41882097721099854,-0.04682542383670807,0.0
8,0.5691790580749512,0.45859071612358093,-0.0559069886803627,0.0
9,0.5081146955490112,0.40460216999053955,-0.01800498180091381,0.0
10,0.5323511362075806,0.33506304025650024,-0.03362824767827988,0.0
11,0.558438241481781,0.2969057857990265,-0.046152424067258835,0.0
12,0.5828543901443481,0.2652292847633362,-0.05555835738778114,0.0
13,0.4907240867614746,0.412495881319046,-0.03338038921356201,0.0
14,0.5047629475593567,0.3334881663322449,-0.048259586095809937,0.0
15,0.5230860710144043,0.29284554719924927,-0.05848463252186775,0.0
16,0.5433903336524963,0.25814759731292725,-0.06591306626796722,0.0
17,0.47343558073043823,0.4380335509777069,-0.04940178245306015,0.0
18,0.4661938548088074,0.37716400623321533,-0.06353863328695297,0.0
19,0.4692130982875824,0.3296511471271515,-0.0703926607966423,0.0
20,0.47700607776641846,0.2848576307296753,-0.07509687542915344,0.0
