Landmark,X,Y,Z,Visibility
0,0.33721858263015747,0.6506129503250122,2.280475115412628e-07,0.0
1,0.39490243792533875,0.6181296706199646,-0.008674735203385353,0.0
2,0.4449297785758972,0.567530632019043,-0.023310819640755653,0.0
3,0.4857728183269501,0.5468447804450989,-0.040885213762521744,0.0
4,0.5189821124076843,0.5206486582756042,-0.057561978697776794,0.0
5,0.430988073348999,0.4258655607700348,-0.020589429885149002,0.0
6,0.47630563378334045,0.37040185928344727,-0.05673682689666748,0.0
7,0.49291741847991943,0.42130279541015625,-0.08204782009124756,0.0
8,0.5021032094955444,0.47859713435173035,-0.09514950215816498,0.0
9,0.4100287854671478,0.4084770679473877,-0.036093249917030334,0.0
10,0.4436316192150116,0.3068464398384094,-0.06233678013086319,0.0
11,0.4818953275680542,0.25046172738075256,-0.0826050341129303,0.0
12,0.5185045003890991,0.20384499430656433,-0.09714207798242569,0.0
13,0.38004374504089355,0.42365849018096924,-0.05535581707954407,0.0
14,0.4030432105064392,0.3095895051956177,-0.08208900690078735,0.0
15,0.4335747957229614,0.24629688262939453,-0.10315436124801636,0.0
16,0.4678548276424408,0.1917232871055603,-0.1174139529466629,0.0
17,0.3502514660358429,0.4661712050437927,-0.07493901997804642,0.0
18,0.3328227996826172,0.38156378269195557,-0.10115212947130203,0.0
19,0.3345848619937897,0.31071510910987854,-0.11619141697883606,0.0
20,0.3456566035747528,0.24231819808483124,-0.12609699368476868,0.0
