Landmark,X,Y,Z,Visibility
0,0.4286864399909973,0.5220729112625122,1.37667825583776e-07,0.0
1,0.4709148705005646,0.5067183971405029,-0.0036876436788588762,0.0
2,0.5077037215232849,0.47818127274513245,-0.012183277867734432,0.0
3,0.5371795892715454,0.4683472514152527,-0.023825766518712044,0.0
4,0.5608545541763306,0.449656218290329,-0.03473743423819542,0.0
5,0.5055332779884338,0.3740500807762146,-0.004651026334613562,0.0
6,0.5377458930015564,0.3447658121585846,-0.029585134238004684,0.0
7,0.5475591421127319,0.38295719027519226,-0.0490577332675457,0.0
8,0.551487386226654,0.4243007302284241,-0.058692049235105515,0.0
9,0.4926738440990448,0.35867565870285034,-0.015659606084227562,0.0
10,0.5195128321647644,0.2924652099609375,-0.031304895877838135,0.0
11,0.546846330165863,0.25890448689460754,-0.044687364250421524,0.0
12,0.572709858417511,0.23101480305194855,-0.05431324988603592,0.0
13,0.4735781252384186,0.3621484935283661,-0.02976122498512268,0.0
14,0.4909290075302124,0.28730103373527527,-0.0440533310174942,0.0
15,0.512398362159729,0.24649831652641296,-0.054728563874959946,0.0
16,0.5357427597045898,0.21325887739658356,-0.06197262182831764,0.0
17,0.45329320430755615,0.3821595311164856,-0.04461324214935303,0.0
18,0.450307697057724,0.3172391653060913,-0.05651919171214104,0.0
19,0.4565005600452423,0.2701437771320343,-0.06155736744403839,0.0
20,0.4669683873653412,0.22823262214660645,-0.06479472666978836,0.0
