Landmark,X,Y,Z,Visibility
0,0.6153823733329773,0.6667047739028931,6.758502735237926e-08,0.0
1,0.5651343464851379,0.6706818342208862,-0.013796228915452957,0.0
2,0.5136288404464722,0.6402457356452942,-0.026953687891364098,0.0
3,0.4696984887123108,0.6199212074279785,-0.04200063273310661,0.0
4,0.43331393599510193,0.6040892004966736,-0.05596286803483963,0.0
5,0.5214437246322632,0.514556884765625,-0.0052603441290557384,0.0
6,0.4773595631122589,0.488376259803772,-0.036547910422086716,0.0
7,0.45473480224609375,0.5236505270004272,-0.06450626999139786,0.0
8,0.4449971318244934,0.5592904090881348,-0.07922279834747314,0.0
9,0.5372243523597717,0.48448559641838074,-0.012305796146392822,0.0
10,0.5001827478408813,0.410562664270401,-0.030551142990589142,0.0
11,0.47099927067756653,0.36631253361701965,-0.04393022879958153,0.0
12,0.44657576084136963,0.33101212978363037,-0.05207919329404831,0.0
13,0.5626192092895508,0.4769824743270874,-0.024378664791584015,0.0
14,0.5505210161209106,0.3899443447589874,-0.04113704338669777,0.0
15,0.5350059866905212,0.33593112230300903,-0.047128207981586456,0.0
16,0.517464816570282,0.2934693992137909,-0.048900116235017776,0.0
17,0.5905402302742004,0.490388423204422,-0.038498200476169586,0.0
18,0.590546190738678,0.415619820356369,-0.04982218146324158,0.0
19,0.5842159390449524,0.36726781725883484,-0.04856455326080322,0.0
20,0.5753991603851318,0.3254883885383606,-0.04549706354737282,0.0
