Landmark,X,Y,Z,Visibility
0,0.48481202125549316,0.6698208451271057,-1.8668457357762236e-07,0.0
1,0.5137242674827576,0.6520295143127441,-0.01819131337106228,0.0
2,0.5408759117126465,0.5944678783416748,-0.02607489563524723,0.0
3,0.5356782674789429,0.5356552600860596,-0.033124446868896484,0.0
4,0.5070278644561768,0.5133116245269775,-0.0357670821249485,0.0
5,0.5338853597640991,0.5111918449401855,-0.00884452648460865,0.0
6,0.5437319874763489,0.46871665120124817,-0.02375170774757862,0.0
7,0.5355696082115173,0.5201233625411987,-0.027899857610464096,0.0
8,0.530001699924469,0.5426728129386902,-0.027537018060684204,0.0
9,0.510258674621582,0.5001342296600342,-0.008781449869275093,0.0
10,0.5184136033058167,0.4593828022480011,-0.028554067015647888,0.0
11,0.5152417421340942,0.517151415348053,-0.03151462972164154,0.0
12,0.5136439800262451,0.5372322797775269,-0.027354003861546516,0.0
13,0.48535504937171936,0.4990500509738922,-0.012421614490449429,0.0
14,0.4930838346481323,0.4675579071044922,-0.033776018768548965,0.0
15,0.4990396797657013,0.53175288438797,-0.032613497227430344,0.0
16,0.5004367828369141,0.5703248381614685,-0.02433306910097599,0.0
17,0.4603990614414215,0.5026970505714417,-0.0175140630453825,0.0
18,0.45803341269493103,0.4423869848251343,-0.02819528989493847,0.0
19,0.4592624604701996,0.4026876986026764,-0.029488150030374527,0.0
20,0.4610360562801361,0.35877323150634766,-0.02752513997256756,0.0
