Landmark,X,Y,Z,Visibility
0,0.6563381552696228,0.49373161792755127,-2.9842195203855226e-07,0.0
1,0.6226654648780823,0.45201021432876587,-0.010828288272023201,0.0
2,0.6009664535522461,0.382415235042572,-0.01694098301231861,0.0
3,0.6097058653831482,0.3228185474872589,-0.02344503253698349,0.0
4,0.6353147029876709,0.2894227206707001,-0.024876676499843597,0.0
5,0.6084187626838684,0.316881388425827,-0.010157827287912369,0.0
6,0.5938263535499573,0.26654577255249023,-0.031563181430101395,0.0
7,0.5985385775566101,0.3215203285217285,-0.03815222904086113,0.0
8,0.6065143346786499,0.33835235238075256,-0.03928425908088684,0.0
9,0.6336004137992859,0.31428268551826477,-0.01093074306845665,0.0
10,0.625548779964447,0.2751479744911194,-0.03291722759604454,0.0
11,0.6240594387054443,0.3401564955711365,-0.029390327632427216,0.0
12,0.6275140643119812,0.34390249848365784,-0.021941980347037315,0.0
13,0.6593762636184692,0.3215378522872925,-0.015541665256023407,0.0
14,0.6538822650909424,0.2885712683200836,-0.03891059756278992,0.0
15,0.646784245967865,0.3566250801086426,-0.02942926622927189,0.0
16,0.6491830348968506,0.3876863420009613,-0.01608904078602791,0.0
17,0.6843336820602417,0.3285016119480133,-0.021316273137927055,0.0
18,0.6945515871047974,0.26377004384994507,-0.03915959224104881,0.0
19,0.6960847973823547,0.22116561233997345,-0.04185999184846878,0.0
20,0.7002785205841064,0.17659461498260498,-0.03961304947733879,0.0
