Landmark,X,Y,Z,Visibility
0,0.6586283445358276,0.48866018652915955,-3.096899092724925e-07,0.0
1,0.62501460313797,0.44371840357780457,-0.010839732363820076,0.0
2,0.6043723225593567,0.37436890602111816,-0.016445932909846306,0.0
3,0.6121602058410645,0.31652891635894775,-0.02262883633375168,0.0
4,0.6361876130104065,0.28339749574661255,-0.023826943710446358,0.0
5,0.6126576662063599,0.3067547380924225,-0.00840002205222845,0.0
6,0.5966921448707581,0.2626974582672119,-0.028992105275392532,0.0
7,0.6006988883018494,0.31756505370140076,-0.034758295863866806,0.0
8,0.6090322732925415,0.33080896735191345,-0.03543137013912201,0.0
9,0.6374803781509399,0.30555734038352966,-0.009055488742887974,0.0
10,0.6280970573425293,0.27107512950897217,-0.030719520524144173,0.0
11,0.6259962916374207,0.3366837799549103,-0.027036549523472786,0.0
12,0.6297306418418884,0.338360995054245,-0.01939981058239937,0.0
13,0.6631104946136475,0.3137083053588867,-0.013574319891631603,0.0
14,0.6568092703819275,0.2822459042072296,-0.03727845475077629,0.0
15,0.6494539976119995,0.35042545199394226,-0.027778655290603638,0.0
16,0.6522867679595947,0.3806213140487671,-0.014123557135462761,0.0
17,0.687772810459137,0.3217540979385376,-0.019274048507213593,0.0
18,0.6974238157272339,0.25751084089279175,-0.03727490082383156,0.0
19,0.6985507607460022,0.21462880074977875,-0.03981027007102966,0.0
20,0.7025855779647827,0.1700189858675003,-0.03720063716173172,0.0
