Landmark,X,Y,Z,Visibility
0,0.7152226567268372,0.6385568380355835,-6.969278842916538e-07,0.0
1,0.6599593162536621,0.6076692938804626,-0.015169774182140827,0.0
2,0.6142006516456604,0.5409771800041199,-0.02731396071612835,0.0
3,0.6059984564781189,0.4738718569278717,-0.04353959485888481,0.0
4,0.6261470317840576,0.425313264131546,-0.05420878157019615,0.0
5,0.6191569566726685,0.4506290555000305,-0.0070005133748054504,0.0
6,0.5937234163284302,0.40077516436576843,-0.03969094157218933,0.0
7,0.5979594588279724,0.45803070068359375,-0.052162304520606995,0.0
8,0.6077253818511963,0.47938281297683716,-0.05412062257528305,0.0
9,0.651993989944458,0.44465121626853943,-0.012559819966554642,0.0
10,0.6404969096183777,0.4069364666938782,-0.04883674532175064,0.0
11,0.6384822726249695,0.47145113348960876,-0.0549481175839901,0.0
12,0.6396086812019348,0.48014020919799805,-0.05067427083849907,0.0
13,0.6892319917678833,0.4445589482784271,-0.02272825874388218,0.0
14,0.6820377111434937,0.4085903465747833,-0.0636526420712471,0.0
15,0.6771299242973328,0.4815003275871277,-0.056493133306503296,0.0
16,0.677121639251709,0.513014554977417,-0.03936895728111267,0.0
17,0.7247937321662903,0.4471157193183899,-0.03392885997891426,0.0
18,0.7260951995849609,0.3761792778968811,-0.05527734383940697,0.0
19,0.7243131399154663,0.33316436409950256,-0.05132005363702774,0.0
20,0.724851667881012,0.2849856913089752,-0.0419585257768631,0.0
