Landmark,X,Y,Z,Visibility
0,0.6616665720939636,0.4598390758037567,-2.8264051366022613e-07,0.0
1,0.6323782205581665,0.41844725608825684,-0.010577469132840633,0.0
2,0.6141706109046936,0.3569577634334564,-0.016258731484413147,0.0
3,0.6215987205505371,0.3034866750240326,-0.02257045917212963,0.0
4,0.6426617503166199,0.27240580320358276,-0.024113290011882782,0.0
5,0.6205392479896545,0.2976309657096863,-0.005401263479143381,0.0
6,0.6088379621505737,0.25243473052978516,-0.0248201172798872,0.0
7,0.612259030342102,0.3006063997745514,-0.030368736013770103,0.0
8,0.6195740103721619,0.31835758686065674,-0.030418653041124344,0.0
9,0.6436318159103394,0.29697385430336,-0.005645504221320152,0.0
10,0.6385061740875244,0.2635013461112976,-0.026222607120871544,0.0
11,0.6359374523162842,0.3221364915370941,-0.023681072518229485,0.0
12,0.6388295292854309,0.3258110284805298,-0.016662096604704857,0.0
13,0.6673718094825745,0.30461984872817993,-0.009749826975166798,0.0
14,0.6644266247749329,0.27351027727127075,-0.03210312873125076,0.0
15,0.6563454866409302,0.33595705032348633,-0.024073127657175064,0.0
16,0.6567177772521973,0.36557066440582275,-0.011571189388632774,0.0
17,0.6901892423629761,0.31288090348243713,-0.014959564432501793,0.0
18,0.6972910761833191,0.25811442732810974,-0.030966807156801224,0.0
19,0.6965905427932739,0.22084513306617737,-0.03314411640167236,0.0
20,0.6983941197395325,0.18125946819782257,-0.030507728457450867,0.0
