Landmark,X,Y,Z,Visibility
0,0.6008853316307068,0.623805820941925,2.9364568376877287e-07,0.0
1,0.5721253156661987,0.5738460421562195,-0.034780021756887436,0.0
2,0.5669572353363037,0.5057915449142456,-0.048909466713666916,0.0
3,0.6162424683570862,0.4769628942012787,-0.05774816870689392,0.0
4,0.6634286046028137,0.45964011549949646,-0.06596968322992325,0.0
5,0.5897019505500793,0.35330232977867126,-0.029174959287047386,0.0
6,0.5821107625961304,0.23888404667377472,-0.045122988522052765,0.0
7,0.5805898308753967,0.16964440047740936,-0.05859261751174927,0.0
8,0.5809537172317505,0.10309053957462311,-0.07025927305221558,0.0
9,0.6284131407737732,0.3518064320087433,-0.029539769515395164,0.0
10,0.638076663017273,0.23082557320594788,-0.043485127389431,0.0
11,0.6451866626739502,0.15311647951602936,-0.05850469693541527,0.0
12,0.6503562927246094,0.08073808252811432,-0.0705566331744194,0.0
13,0.6547112464904785,0.3845735788345337,-0.03435484319925308,0.0
14,0.6864560842514038,0.29728081822395325,-0.058118246495723724,0.0
15,0.7040156722068787,0.23282982409000397,-0.08013686537742615,0.0
16,0.7165687680244446,0.16533219814300537,-0.0955827459692955,0.0
17,0.6745150089263916,0.4476605951786041,-0.04140068218111992,0.0
18,0.6858598589897156,0.3948711156845093,-0.0648658499121666,0.0
19,0.6684122681617737,0.422926664352417,-0.07082638144493103,0.0
20,0.6469781994819641,0.4569934904575348,-0.07496893405914307,0.0
