Landmark,X,Y,Z,Visibility
0,0.6248879432678223,0.7176209092140198,-7.329918005893887e-09,0.0
1,0.5766371488571167,0.6893014907836914,-0.021116498857736588,0.0
2,0.5431882739067078,0.6014200448989868,-0.024302415549755096,0.0
3,0.5720962882041931,0.5322934985160828,-0.025521501898765564,0.0
4,0.6175146102905273,0.5044123530387878,-0.0281367190182209,0.0
5,0.5452638268470764,0.4986761808395386,-0.00277733919210732,0.0
6,0.5147392749786377,0.4197252094745636,-0.009525904431939125,0.0
7,0.5006713271141052,0.37025874853134155,-0.01935861073434353,0.0
8,0.4870719909667969,0.3256434202194214,-0.03009163774549961,0.0
9,0.5855056047439575,0.48526978492736816,-0.00839846022427082,0.0
10,0.5695043802261353,0.3902494013309479,-0.01079180371016264,0.0
11,0.5627692341804504,0.33371901512145996,-0.01961583085358143,0.0
12,0.5576639771461487,0.2872939705848694,-0.027797603979706764,0.0
13,0.6264356970787048,0.4988565146923065,-0.01829025335609913,0.0
14,0.6283743977546692,0.3995727002620697,-0.036936160176992416,0.0
15,0.6238355040550232,0.3372029662132263,-0.05721477419137955,0.0
16,0.6247361302375793,0.2812120318412781,-0.07278168201446533,0.0
17,0.6673015356063843,0.5329796671867371,-0.029321467503905296,0.0
18,0.6507376432418823,0.48761802911758423,-0.056921232491731644,0.0
19,0.6369835734367371,0.5228046178817749,-0.0634014904499054,0.0
20,0.6335505843162537,0.5619109272956848,-0.06717531383037567,0.0
