Landmark,X,Y,Z,Visibility
0,0.5857518911361694,0.5063766837120056,1.5225471372559696e-07,0.0
1,0.5691902041435242,0.4702834486961365,-0.024783264845609665,0.0
2,0.5712129473686218,0.4248017370700836,-0.034613966941833496,0.0
3,0.6029697060585022,0.40057724714279175,-0.040488071739673615,0.0
4,0.6316272020339966,0.3809630870819092,-0.045539405196905136,0.0
5,0.5845503211021423,0.3221859633922577,-0.018948201090097427,0.0
6,0.5774860382080078,0.2452847808599472,-0.03013269416987896,0.0
7,0.5746293663978577,0.19801974296569824,-0.0396403893828392,0.0
8,0.5742552280426025,0.15377044677734375,-0.047295354306697845,0.0
9,0.6099399924278259,0.3234838843345642,-0.0180211141705513,0.0
10,0.615218997001648,0.23746170103549957,-0.028708430007100105,0.0
11,0.6185236573219299,0.18381042778491974,-0.038645464926958084,0.0
12,0.6203429102897644,0.1343405544757843,-0.04579152166843414,0.0
13,0.6280168890953064,0.34457987546920776,-0.020239613950252533,0.0
14,0.6469576358795166,0.2804407477378845,-0.03724589943885803,0.0
15,0.6562643647193909,0.23822472989559174,-0.049961961805820465,0.0
16,0.6631723642349243,0.1935156285762787,-0.05798911675810814,0.0
17,0.6412650942802429,0.38588929176330566,-0.024065250530838966,0.0
18,0.6483578681945801,0.34079495072364807,-0.03869149833917618,0.0
19,0.635714054107666,0.3618505597114563,-0.03974754735827446,0.0
20,0.6219388246536255,0.38827183842658997,-0.03993510454893112,0.0
