Landmark,X,Y,Z,Visibility
0,0.577717661857605,0.48883965611457825,1.7963412801691447e-07,0.0
1,0.5605698227882385,0.44970542192459106,-0.02205812744796276,0.0
2,0.5612819790840149,0.4023260176181793,-0.03082776628434658,0.0
3,0.5934611558914185,0.3809584677219391,-0.03630240634083748,0.0
4,0.6219409704208374,0.3662670850753784,-0.04147966578602791,0.0
5,0.57742840051651,0.30303916335105896,-0.01827416941523552,0.0
6,0.5725193619728088,0.22542066872119904,-0.029029905796051025,0.0
7,0.5716691017150879,0.1769597977399826,-0.03796614333987236,0.0
8,0.5727971792221069,0.1310664862394333,-0.04554145783185959,0.0
9,0.6031878590583801,0.3052813708782196,-0.018768949434161186,0.0
10,0.6108822822570801,0.22057169675827026,-0.029140714555978775,0.0
11,0.6172735691070557,0.16707897186279297,-0.039041053503751755,0.0
12,0.622244656085968,0.11786452680826187,-0.04657522961497307,0.0
13,0.6204317212104797,0.3278524577617645,-0.022120963782072067,0.0
14,0.6408016681671143,0.26920393109321594,-0.038503993302583694,0.0
15,0.6519339680671692,0.2285606563091278,-0.052036263048648834,0.0
16,0.6605436205863953,0.1858222335577011,-0.06114494428038597,0.0
17,0.6321139335632324,0.3684529662132263,-0.02687908709049225,0.0
18,0.6371013522148132,0.3285067081451416,-0.04221739619970322,0.0
19,0.6230379343032837,0.34772011637687683,-0.04510798677802086,0.0
20,0.6085436344146729,0.3703239858150482,-0.04689720645546913,0.0
