Landmark,X,Y,Z,Visibility
0,0.5791608095169067,0.49260610342025757,1.7544860497764603e-07,0.0
1,0.5622555613517761,0.45404255390167236,-0.022876782342791557,0.0
2,0.5636124014854431,0.4087572693824768,-0.03194163367152214,0.0
3,0.5955868363380432,0.3877456486225128,-0.037447571754455566,0.0
4,0.6244000196456909,0.37286800146102905,-0.04230432212352753,0.0
5,0.5798459649085999,0.3088410198688507,-0.01893884688615799,0.0
6,0.5750527381896973,0.23144415020942688,-0.02986719273030758,0.0
7,0.5741896033287048,0.18341822922229767,-0.038659434765577316,0.0
8,0.5757179856300354,0.13769598305225372,-0.046017661690711975,0.0
9,0.6058010458946228,0.31150317192077637,-0.018898356705904007,0.0
10,0.6134328246116638,0.22724014520645142,-0.0300053171813488,0.0
11,0.6197465062141418,0.17443138360977173,-0.03969474136829376,0.0
12,0.6247791647911072,0.12530411779880524,-0.04677361994981766,0.0
13,0.6234211325645447,0.33381134271621704,-0.021810008212924004,0.0
14,0.6434499621391296,0.27680736780166626,-0.038822468370199203,0.0
15,0.654979407787323,0.2368514984846115,-0.05185414478182793,0.0
16,0.6640670895576477,0.1940433531999588,-0.06016933172941208,0.0
17,0.6353033781051636,0.37496790289878845,-0.02618986926972866,0.0
18,0.6413671374320984,0.33276107907295227,-0.04090644419193268,0.0
19,0.6270030736923218,0.35127684473991394,-0.04288512095808983,0.0
20,0.6117015480995178,0.37449172139167786,-0.04393164440989494,0.0
