Landmark,X,Y,Z,Visibility
0,0.7193543910980225,0.679987370967865,5.869832193639013e-07,0.0
1,0.690351128578186,0.6346942782402039,-0.0163818821310997,0.0
2,0.6775517463684082,0.549153208732605,-0.02936459146440029,0.0
3,0.707215428352356,0.4952462315559387,-0.043458934873342514,0.0
4,0.7433851957321167,0.4712940454483032,-0.056611061096191406,0.0
5,0.7019350528717041,0.43246468901634216,-0.02416800893843174,0.0
6,0.7103499174118042,0.32668083906173706,-0.048765867948532104,0.0
7,0.7182061076164246,0.25715065002441406,-0.06446915119886398,0.0
8,0.7273692488670349,0.20234070718288422,-0.07441577315330505,0.0
9,0.7381225228309631,0.4405188262462616,-0.03299794718623161,0.0
10,0.74460768699646,0.3236514925956726,-0.058734215795993805,0.0
11,0.7506777048110962,0.2475929856300354,-0.07514092326164246,0.0
12,0.7603452801704407,0.18008074164390564,-0.08265800029039383,0.0
13,0.769142210483551,0.479653924703598,-0.04316285252571106,0.0
14,0.7527042031288147,0.45667415857315063,-0.07226219773292542,0.0
15,0.7264034152030945,0.5138245820999146,-0.0730334222316742,0.0
16,0.7159233689308167,0.5458924770355225,-0.06503261625766754,0.0
17,0.7897734642028809,0.5346407890319824,-0.054929219186306,0.0
18,0.7586252689361572,0.5287089943885803,-0.07675100862979889,0.0
19,0.7332848310470581,0.5652872323989868,-0.07311876118183136,0.0
20,0.723932147026062,0.585637092590332,-0.06441418081521988,0.0
