Landmark,X,Y,Z,Visibility
0,0.6395631432533264,0.4211132526397705,3.519127460549498e-07,0.0
1,0.6214948296546936,0.3712088167667389,-0.010585971176624298,0.0
2,0.6191204190254211,0.309729665517807,-0.016225023195147514,0.0
3,0.6397600769996643,0.26614049077033997,-0.02328673005104065,0.0
4,0.6624773740768433,0.24323470890522003,-0.0295100174844265,0.0
5,0.6160548329353333,0.2530604302883148,-0.005442664958536625,0.0
6,0.6191648840904236,0.18389801681041718,-0.019353244453668594,0.0
7,0.622348964214325,0.1431007832288742,-0.028190121054649353,0.0
8,0.6263160109519958,0.10747785121202469,-0.03335944563150406,0.0
9,0.6375884413719177,0.2602939307689667,-0.010375728830695152,0.0
10,0.6414685845375061,0.1824187934398651,-0.025837374851107597,0.0
11,0.6426372528076172,0.1373978853225708,-0.034846097230911255,0.0
12,0.6477319002151489,0.09538023918867111,-0.038397543132305145,0.0
13,0.6581470370292664,0.2855367362499237,-0.01718750037252903,0.0
14,0.6595473289489746,0.26103803515434265,-0.03675602003931999,0.0
15,0.6473867297172546,0.30633682012557983,-0.035536862909793854,0.0
16,0.6441324353218079,0.3299238681793213,-0.02822881005704403,0.0
17,0.6741080284118652,0.3198269009590149,-0.025105448439717293,0.0
18,0.6699987649917603,0.2983080744743347,-0.03761925920844078,0.0
19,0.6591106057167053,0.3284550607204437,-0.032504577189683914,0.0
20,0.6566783785820007,0.3434707820415497,-0.025080544874072075,0.0
