Landmark,X,Y,Z,Visibility
0,0.6403309106826782,0.42131009697914124,3.690194034788874e-07,0.0
1,0.6220201849937439,0.3693743050098419,-0.010700148530304432,0.0
2,0.6197516918182373,0.30897077918052673,-0.016218554228544235,0.0
3,0.6402971148490906,0.2661804258823395,-0.023220477625727654,0.0
4,0.663303792476654,0.24339337646961212,-0.029479486867785454,0.0
5,0.6160464882850647,0.253764808177948,-0.004103216342628002,0.0
6,0.6195806264877319,0.18416644632816315,-0.017282752320170403,0.0
7,0.6236048340797424,0.14363524317741394,-0.02600833959877491,0.0
8,0.6284543871879578,0.10838378965854645,-0.03107258677482605,0.0
9,0.637380838394165,0.2612001299858093,-0.008875906467437744,0.0
10,0.6417703032493591,0.18297384679317474,-0.02329985424876213,0.0
11,0.643857479095459,0.13683561980724335,-0.03217944875359535,0.0
12,0.6494160890579224,0.09475262463092804,-0.03579901531338692,0.0
13,0.6580848693847656,0.2861986756324768,-0.015673303976655006,0.0
14,0.6610555648803711,0.2596004009246826,-0.03511423617601395,0.0
15,0.6486927270889282,0.3050042688846588,-0.03476883843541145,0.0
16,0.6445531249046326,0.3297213017940521,-0.028039101511240005,0.0
17,0.6738410592079163,0.3198096752166748,-0.023539133369922638,0.0
18,0.6715556979179382,0.2973841428756714,-0.03654911369085312,0.0
19,0.6602198481559753,0.32785430550575256,-0.03204040601849556,0.0
20,0.6567829251289368,0.34428879618644714,-0.024955568835139275,0.0
