Landmark,X,Y,Z,Visibility
0,0.6404618620872498,0.418905109167099,3.6108917811361607e-07,0.0
1,0.6220933794975281,0.36868536472320557,-0.010826022364199162,0.0
2,0.6195588111877441,0.3085883855819702,-0.016475923359394073,0.0
3,0.6404469609260559,0.2661845088005066,-0.023480776697397232,0.0
4,0.6636123657226562,0.24408471584320068,-0.029745593667030334,0.0
5,0.6168533563613892,0.25274866819381714,-0.005363824777305126,0.0
6,0.6203587055206299,0.18311071395874023,-0.018763184547424316,0.0
7,0.6240943074226379,0.14251984655857086,-0.027517447248101234,0.0
8,0.6284746527671814,0.10708164423704147,-0.03262734413146973,0.0
9,0.6382730603218079,0.26034316420555115,-0.010028146207332611,0.0
10,0.6426858901977539,0.18268342316150665,-0.02480226941406727,0.0
11,0.6443618535995483,0.13707193732261658,-0.03357873857021332,0.0
12,0.6493108868598938,0.09554441273212433,-0.03709367662668228,0.0
13,0.6587232947349548,0.2854260802268982,-0.01658383011817932,0.0
14,0.6616753935813904,0.2606638967990875,-0.03614267334342003,0.0
15,0.6493746638298035,0.30646026134490967,-0.03528512269258499,0.0
16,0.645237922668457,0.33133465051651,-0.028185684233903885,0.0
17,0.6743527054786682,0.3192789554595947,-0.024209750816226006,0.0
18,0.6720711588859558,0.2976495921611786,-0.0372387133538723,0.0
19,0.660821259021759,0.32886675000190735,-0.03235428407788277,0.0
20,0.6573274731636047,0.3455159664154053,-0.024974366649985313,0.0
