Landmark,X,Y,Z,Visibility
0,0.6509387493133545,0.43228578567504883,3.7772159089399793e-07,0.0
1,0.6324267387390137,0.3770943582057953,-0.009211777709424496,0.0
2,0.6290841102600098,0.31444963812828064,-0.015463585965335369,0.0
3,0.6511108875274658,0.2704101800918579,-0.023838398978114128,0.0
4,0.6771031618118286,0.24881477653980255,-0.03164660185575485,0.0
5,0.6291447281837463,0.2549852728843689,-0.0056214360520243645,0.0
6,0.634488046169281,0.1781187355518341,-0.02044294960796833,0.0
7,0.6403200626373291,0.1349686235189438,-0.030140426009893417,0.0
8,0.6462145447731018,0.09687671065330505,-0.03595328703522682,0.0
9,0.6516637206077576,0.26183030009269714,-0.011981692165136337,0.0
10,0.6585375666618347,0.17788566648960114,-0.02741318568587303,0.0
11,0.6626545786857605,0.12913882732391357,-0.036631740629673004,0.0
12,0.6692059636116028,0.08389991521835327,-0.040603816509246826,0.0
13,0.6726504564285278,0.28751546144485474,-0.020108364522457123,0.0
14,0.6748776435852051,0.25990206003189087,-0.03986765071749687,0.0
15,0.6607459187507629,0.3084211051464081,-0.03857271000742912,0.0
16,0.6554581522941589,0.33518773317337036,-0.031256407499313354,0.0
17,0.6882666945457458,0.3236845135688782,-0.029287977144122124,0.0
18,0.6838924288749695,0.302123486995697,-0.042497891932725906,0.0
19,0.6707732081413269,0.333792507648468,-0.03741239756345749,0.0
20,0.6662124395370483,0.3514340817928314,-0.02989964559674263,0.0
