Landmark,X,Y,Z,Visibility
0,0.4866757094860077,0.6399090886116028,1.6067336616742978e-07,0.0
1,0.4564247727394104,0.5902122259140015,-0.013044480234384537,0.0
2,0.43809279799461365,0.5289803743362427,-0.01932600885629654,0.0
3,0.42870956659317017,0.4780242443084717,-0.025253016501665115,0.0
4,0.4154229760169983,0.43942469358444214,-0.031251974403858185,0.0
5,0.47801724076271057,0.457002192735672,-0.0068434770219028,0.0
6,0.4704485833644867,0.38839152455329895,-0.016562802717089653,0.0
7,0.46674805879592896,0.3443821370601654,-0.025740712881088257,0.0
8,0.4653087258338928,0.30667003989219666,-0.032905399799346924,0.0
9,0.502141535282135,0.4583154618740082,-0.009659569710493088,0.0
10,0.5102365016937256,0.382973313331604,-0.0180397666990757,0.0
11,0.5158880352973938,0.3352040648460388,-0.026966165751218796,0.0
12,0.521054208278656,0.2958987355232239,-0.03382142633199692,0.0
13,0.5218018293380737,0.4767240583896637,-0.014916900545358658,0.0
14,0.5360772609710693,0.41382378339767456,-0.02590625360608101,0.0
15,0.5442678928375244,0.37141990661621094,-0.03501033037900925,0.0
16,0.5509263873100281,0.3338507413864136,-0.0413917638361454,0.0
17,0.5385244488716125,0.5085459351539612,-0.021453123539686203,0.0
18,0.5611715316772461,0.46965205669403076,-0.03124110773205757,0.0
19,0.5759322643280029,0.44118422269821167,-0.03629253804683685,0.0
20,0.5887408256530762,0.4134526252746582,-0.03994029387831688,0.0
