Landmark,X,Y,Z,Visibility
0,0.40307867527008057,0.6677771806716919,2.5717253038237686e-07,0.0
1,0.4346519708633423,0.6222189664840698,-0.019081169739365578,0.0
2,0.45423489809036255,0.5593733787536621,-0.02931392751634121,0.0
3,0.46906718611717224,0.5074590444564819,-0.039019305258989334,0.0
4,0.4887246787548065,0.4700847268104553,-0.04905394837260246,0.0
5,0.4137032628059387,0.4702533185482025,-0.019218139350414276,0.0
6,0.41927120089530945,0.3961399495601654,-0.03382335603237152,0.0
7,0.42124632000923157,0.3498385548591614,-0.04586557671427727,0.0
8,0.42100197076797485,0.3076041638851166,-0.05543161928653717,0.0
9,0.38439545035362244,0.4729763865470886,-0.02160007879137993,0.0
10,0.3695664405822754,0.39345869421958923,-0.03592653572559357,0.0
11,0.3607580363750458,0.34453415870666504,-0.04799465090036392,0.0
12,0.3516305088996887,0.30207788944244385,-0.056932128965854645,0.0
13,0.36144766211509705,0.49640873074531555,-0.02624894119799137,0.0
14,0.3379893898963928,0.4318147599697113,-0.04128098860383034,0.0
15,0.32488396763801575,0.38947245478630066,-0.051497794687747955,0.0
16,0.314161479473114,0.34962448477745056,-0.058524634689092636,0.0
17,0.34480020403862,0.5358403921127319,-0.03272198140621185,0.0
18,0.3172852098941803,0.49497106671333313,-0.047773219645023346,0.0
19,0.300022691488266,0.465933233499527,-0.055066607892513275,0.0
20,0.2856350541114807,0.4339725077152252,-0.05952061712741852,0.0
