Landmark,X,Y,Z,Visibility
0,0.4552921652793884,0.6106225848197937,3.4478773613955127e-07,0.0
1,0.49592360854148865,0.5522538423538208,-0.028605634346604347,0.0
2,0.5149820446968079,0.45978233218193054,-0.03916597366333008,0.0
3,0.515178918838501,0.37860023975372314,-0.04711157828569412,0.0
4,0.5222444534301758,0.3095233738422394,-0.05507967248558998,0.0
5,0.4812543988227844,0.358550101518631,-0.02300935611128807,0.0
6,0.4808744788169861,0.26549360156059265,-0.04172782972455025,0.0
7,0.47655266523361206,0.20473526418209076,-0.05677636340260506,0.0
8,0.47194036841392517,0.14939862489700317,-0.06819584220647812,0.0
9,0.4503977298736572,0.35981285572052,-0.02179703675210476,0.0
10,0.4482121169567108,0.255806565284729,-0.0391521118581295,0.0
11,0.4457404911518097,0.1871711015701294,-0.05437067151069641,0.0
12,0.44486039876937866,0.12556910514831543,-0.06595747917890549,0.0
13,0.4232806861400604,0.383832722902298,-0.024418635293841362,0.0
14,0.4184964597225189,0.28838658332824707,-0.04367775470018387,0.0
15,0.4196273386478424,0.22628609836101532,-0.05774886533617973,0.0
16,0.4234694540500641,0.16938765347003937,-0.0674501284956932,0.0
17,0.397081583738327,0.4242067039012909,-0.029658790677785873,0.0
18,0.38989996910095215,0.3528224527835846,-0.04897484555840492,0.0
19,0.3915923535823822,0.3038767874240875,-0.06015210226178169,0.0
20,0.3966013193130493,0.25356337428092957,-0.06779614835977554,0.0
