Landmark,X,Y,Z,Visibility
0,0.40766027569770813,0.6731387376785278,2.693965939215559e-07,0.0
1,0.4429621398448944,0.6315492391586304,-0.01982295513153076,0.0
2,0.46935969591140747,0.5723055005073547,-0.03188791498541832,0.0
3,0.49087032675743103,0.5267301201820374,-0.043228067457675934,0.0
4,0.5129639506340027,0.49557623267173767,-0.055034130811691284,0.0
5,0.42557376623153687,0.47520214319229126,-0.024066632613539696,0.0
6,0.4275650978088379,0.3969387710094452,-0.040921442210674286,0.0
7,0.42843103408813477,0.3479979336261749,-0.05396787077188492,0.0
8,0.4283404052257538,0.3030156195163727,-0.06387916952371597,0.0
9,0.39743074774742126,0.4778604805469513,-0.026866445317864418,0.0
10,0.3839307129383087,0.3942587971687317,-0.042960118502378464,0.0
11,0.3748764097690582,0.34057459235191345,-0.055801767855882645,0.0
12,0.36558452248573303,0.29481303691864014,-0.06518871337175369,0.0
13,0.3750569820404053,0.5007727146148682,-0.031816430389881134,0.0
14,0.3529786169528961,0.4297361671924591,-0.048107266426086426,0.0
15,0.3393736183643341,0.3823503851890564,-0.05945977196097374,0.0
16,0.32821905612945557,0.33968645334243774,-0.06695090979337692,0.0
17,0.3579162359237671,0.5392377376556396,-0.038538720458745956,0.0
18,0.3296595811843872,0.492542564868927,-0.054367877542972565,0.0
19,0.3113185465335846,0.46161434054374695,-0.06222764775156975,0.0
20,0.2963641285896301,0.42903879284858704,-0.06690997630357742,0.0
