Landmark,X,Y,Z,Visibility
0,0.49111664295196533,0.6495627760887146,1.760163712560825e-07,0.0
1,0.45615655183792114,0.6022583842277527,-0.015357592143118382,0.0
2,0.4320128262042999,0.5369086861610413,-0.023023571819067,0.0
3,0.41902440786361694,0.480562299489975,-0.030012520030140877,0.0
4,0.4037894904613495,0.43574464321136475,-0.03684345632791519,0.0
5,0.47383418679237366,0.45155709981918335,-0.009509611874818802,0.0
6,0.4630892872810364,0.37720543146133423,-0.020662156865000725,0.0
7,0.45722806453704834,0.32928988337516785,-0.030868204310536385,0.0
8,0.45371559262275696,0.28877946734428406,-0.03876780718564987,0.0
9,0.5000107288360596,0.44992414116859436,-0.012099836952984333,0.0
10,0.5059995055198669,0.3670245409011841,-0.021327516064047813,0.0
11,0.5103065967559814,0.31526610255241394,-0.03071960061788559,0.0
12,0.5141962170600891,0.27350297570228577,-0.03809283301234245,0.0
13,0.5224491953849792,0.4676733613014221,-0.0174262672662735,0.0
14,0.5353642702102661,0.39853382110595703,-0.029365718364715576,0.0
15,0.5424517393112183,0.3525073826313019,-0.03900214657187462,0.0
16,0.5478907823562622,0.3120795786380768,-0.046033553779125214,0.0
17,0.5428069233894348,0.5004026889801025,-0.024258378893136978,0.0
18,0.5666599869728088,0.4577500522136688,-0.035017646849155426,0.0
19,0.58253413438797,0.42782682180404663,-0.040565721690654755,0.0
20,0.59618079662323,0.39910969138145447,-0.04468206688761711,0.0
