Landmark,X,Y,Z,Visibility
0,0.4884800910949707,0.5306848883628845,2.3150816730321822e-07,0.0
1,0.5189716815948486,0.48120784759521484,-0.016363495960831642,0.0
2,0.5327224731445312,0.4113399088382721,-0.020319383591413498,0.0
3,0.5306041836738586,0.3516799211502075,-0.02308746613562107,0.0
4,0.5343623161315918,0.303747296333313,-0.025594092905521393,0.0
5,0.5052858591079712,0.33848458528518677,-0.005487106740474701,0.0
6,0.5035200715065002,0.2703130841255188,-0.01475323922932148,0.0
7,0.5006119012832642,0.22875648736953735,-0.023438166826963425,0.0
8,0.4976244270801544,0.19149060547351837,-0.029980869963765144,0.0
9,0.4828144609928131,0.341049462556839,-0.004832777194678783,0.0
10,0.4802570939064026,0.26536014676094055,-0.013077718205749989,0.0
11,0.4782445728778839,0.2177705466747284,-0.021932421252131462,0.0
12,0.47729891538619995,0.176055446267128,-0.02851264737546444,0.0
13,0.4632153809070587,0.35838377475738525,-0.006978162098675966,0.0
14,0.45913439989089966,0.2878832519054413,-0.016899030655622482,0.0
15,0.45935797691345215,0.24314573407173157,-0.02487306110560894,0.0
16,0.4613012373447418,0.20404401421546936,-0.030157648026943207,0.0
17,0.4436977505683899,0.3870333731174469,-0.010826976969838142,0.0
18,0.437825471162796,0.3321356475353241,-0.02081495337188244,0.0
19,0.43867823481559753,0.29651886224746704,-0.026057062670588493,0.0
20,0.44170236587524414,0.26186615228652954,-0.02930196188390255,0.0
