Landmark,X,Y,Z,Visibility
0,0.3997107744216919,0.6708965301513672,2.8492809178715106e-07,0.0
1,0.4350733458995819,0.6293580532073975,-0.021616293117403984,0.0
2,0.4611399471759796,0.5713372230529785,-0.03261697664856911,0.0
3,0.47939908504486084,0.5201213359832764,-0.04243515804409981,0.0
4,0.4967266023159027,0.47942113876342773,-0.05183108523488045,0.0
5,0.417961984872818,0.47316229343414307,-0.016919683665037155,0.0
6,0.42492440342903137,0.4004495441913605,-0.031216368079185486,0.0
7,0.4280272424221039,0.35417377948760986,-0.04354098439216614,0.0
8,0.4289667010307312,0.311667799949646,-0.05296128988265991,0.0
9,0.3882752060890198,0.4702538847923279,-0.017702294513583183,0.0
10,0.3781123459339142,0.3903684616088867,-0.030823752284049988,0.0
11,0.3717400133609772,0.34006956219673157,-0.042447976768016815,0.0
12,0.3647916913032532,0.2958643138408661,-0.0510442741215229,0.0
13,0.36414939165115356,0.48855671286582947,-0.021347127854824066,0.0
14,0.3448573052883148,0.42209741473197937,-0.035314466804265976,0.0
15,0.33403971791267395,0.37839093804359436,-0.044902052730321884,0.0
16,0.32533878087997437,0.33797627687454224,-0.05124249309301376,0.0
17,0.3453226387500763,0.5242803692817688,-0.027173962444067,0.0
18,0.31941768527030945,0.4786463677883148,-0.04064576327800751,0.0
19,0.30318859219551086,0.4473050534725189,-0.04683293402194977,0.0
20,0.2900483012199402,0.41413116455078125,-0.05042235925793648,0.0
