Landmark,X,Y,Z,Visibility
0,0.7808209657669067,0.7723715305328369,1.823480602070049e-07,0.0
1,0.7298431992530823,0.7257372736930847,-0.013725116848945618,0.0
2,0.7026191353797913,0.6479647159576416,-0.017071550711989403,0.0
3,0.6970629692077637,0.583101749420166,-0.02029055915772915,0.0
4,0.6909909844398499,0.5376731157302856,-0.022844824939966202,0.0
5,0.7337957620620728,0.5770174264907837,-0.000237471133004874,0.0
6,0.7328398823738098,0.502155601978302,-0.011535127647221088,0.0
7,0.7344051599502563,0.4584462344646454,-0.023350713774561882,0.0
8,0.7361776828765869,0.4194088578224182,-0.03255348280072212,0.0
9,0.7669031620025635,0.5754916071891785,-0.004240791779011488,0.0
10,0.7641879916191101,0.4933459460735321,-0.013114924542605877,0.0
11,0.7634989023208618,0.44335609674453735,-0.024322565644979477,0.0
12,0.7613560557365417,0.40142375230789185,-0.03291696682572365,0.0
13,0.7976369261741638,0.5893914699554443,-0.011402009986341,0.0
14,0.797155499458313,0.5124292373657227,-0.021853981539607048,0.0
15,0.7933107614517212,0.46624916791915894,-0.02962137572467327,0.0
16,0.7870665192604065,0.4275094270706177,-0.03536900877952576,0.0
17,0.830861508846283,0.6153444647789001,-0.020416099578142166,0.0
18,0.8329899907112122,0.5554925799369812,-0.030715808272361755,0.0
19,0.8283135294914246,0.5172964930534363,-0.034304503351449966,0.0
20,0.8206912279129028,0.4830496907234192,-0.036567311733961105,0.0
