Landmark,X,Y,Z,Visibility
0,0.45575493574142456,0.6097238659858704,3.479567567410413e-07,0.0
1,0.4961378574371338,0.5515269637107849,-0.02881716378033161,0.0
2,0.5150894522666931,0.4592002332210541,-0.03956158831715584,0.0
3,0.5151845216751099,0.37828174233436584,-0.04765179753303528,0.0
4,0.5222910046577454,0.3091507852077484,-0.05578036233782768,0.0
5,0.48137959837913513,0.3579588234424591,-0.02355211041867733,0.0
6,0.48083198070526123,0.2650098502635956,-0.04244251176714897,0.0
7,0.47656211256980896,0.20421119034290314,-0.05757659673690796,0.0
8,0.4719613194465637,0.14875759184360504,-0.06904321163892746,0.0
9,0.4505883753299713,0.35930874943733215,-0.022332578897476196,0.0
10,0.4483698606491089,0.25527089834213257,-0.03988055884838104,0.0
11,0.445902019739151,0.186540886759758,-0.055197831243276596,0.0
12,0.44500699639320374,0.12485787272453308,-0.06685562431812286,0.0
13,0.42346054315567017,0.38331547379493713,-0.024953879415988922,0.0
14,0.4188251793384552,0.2879217565059662,-0.044381823390722275,0.0
15,0.4199371635913849,0.2255888432264328,-0.05859065055847168,0.0
16,0.42373156547546387,0.16845613718032837,-0.06837581843137741,0.0
17,0.39712467789649963,0.42353928089141846,-0.03020421788096428,0.0
18,0.3900983929634094,0.3517155051231384,-0.04965788871049881,0.0
19,0.3918847441673279,0.3025450110435486,-0.06095791980624199,0.0
20,0.3970307409763336,0.25211548805236816,-0.06869398802518845,0.0
