Landmark,X,Y,Z,Visibility
0,0.2696498930454254,0.8667958974838257,6.907566785230301e-07,0.0
1,0.3573891222476959,0.8123985528945923,-0.06947987526655197,0.0
2,0.3958399295806885,0.7081021070480347,-0.10402039438486099,0.0
3,0.3940490782260895,0.6229892373085022,-0.13103491067886353,0.0
4,0.40468186140060425,0.5286522507667542,-0.16061151027679443,0.0
5,0.33878302574157715,0.5821180939674377,-0.0866229236125946,0.0
6,0.33482903242111206,0.45161205530166626,-0.13065208494663239,0.0
7,0.32727399468421936,0.369930237531662,-0.16432949900627136,0.0
8,0.3179081976413727,0.2967306673526764,-0.190366730093956,0.0
9,0.27625346183776855,0.5897477865219116,-0.08391132205724716,0.0
10,0.2723124623298645,0.439561128616333,-0.12823233008384705,0.0
11,0.2691797912120819,0.3446987271308899,-0.16917291283607483,0.0
12,0.2657150626182556,0.2632754445075989,-0.2018958479166031,0.0
13,0.21844825148582458,0.6208271384239197,-0.08751925081014633,0.0
14,0.2134711742401123,0.48331549763679504,-0.13388745486736298,0.0
15,0.21679000556468964,0.4008041024208069,-0.17260883748531342,0.0
16,0.2219419777393341,0.3272906243801117,-0.20107713341712952,0.0
17,0.1641618311405182,0.665365993976593,-0.09614081680774689,0.0
18,0.15878887474536896,0.5575346350669861,-0.14093422889709473,0.0
19,0.16348659992218018,0.4911680817604065,-0.17107175290584564,0.0
20,0.17257103323936462,0.42675602436065674,-0.1946549117565155,0.0
