Landmark,X,Y,Z,Visibility
0,0.4440775215625763,0.506991982460022,2.2136291022434307e-07,0.0
1,0.48508208990097046,0.4578363597393036,-0.022670885547995567,0.0
2,0.5105931162834167,0.3750879168510437,-0.03346358984708786,0.0
3,0.5282090902328491,0.3063044548034668,-0.04275486245751381,0.0
4,0.5466663241386414,0.2566779553890228,-0.05276772752404213,0.0
5,0.4712440073490143,0.2814463973045349,-0.02822142466902733,0.0
6,0.4715612828731537,0.1877615749835968,-0.045792870223522186,0.0
7,0.4690838158130646,0.13120555877685547,-0.05892306566238403,0.0
8,0.46627044677734375,0.08137264102697372,-0.06930366903543472,0.0
9,0.43971922993659973,0.28573280572891235,-0.03088076040148735,0.0
10,0.43260419368743896,0.18507494032382965,-0.048591118305921555,0.0
11,0.4270084500312805,0.11975787580013275,-0.06341499835252762,0.0
12,0.4218803346157074,0.06313227117061615,-0.07492338120937347,0.0
13,0.4126347303390503,0.31189200282096863,-0.03595208004117012,0.0
14,0.39964723587036133,0.2209993600845337,-0.05493021383881569,0.0
15,0.3936891257762909,0.15941673517227173,-0.06965668499469757,0.0
16,0.39069855213165283,0.1049649566411972,-0.08018665015697479,0.0
17,0.3885234296321869,0.3550960421562195,-0.042865533381700516,0.0
18,0.3633420169353485,0.2963322699069977,-0.06301984190940857,0.0
19,0.3469897210597992,0.25322967767715454,-0.0750761479139328,0.0
20,0.3344378173351288,0.2081964761018753,-0.0833153948187828,0.0
