Landmark,X,Y,Z,Visibility
0,0.4313378632068634,0.65957111120224,4.067916279382189e-07,0.0
1,0.46640822291374207,0.6274629831314087,-0.024826083332300186,0.0
2,0.49189332127571106,0.5809813737869263,-0.03946324437856674,0.0
3,0.5100051760673523,0.5356916189193726,-0.05211411044001579,0.0
4,0.5305668711662292,0.49794602394104004,-0.06422240287065506,0.0
5,0.4616430103778839,0.46884864568710327,-0.022651594132184982,0.0
6,0.4777030944824219,0.39930135011672974,-0.03738817200064659,0.0
7,0.4867411255836487,0.3527555763721466,-0.05005614086985588,0.0
8,0.49261024594306946,0.310537189245224,-0.05975469574332237,0.0
9,0.4337387979030609,0.46112895011901855,-0.022038670256733894,0.0
10,0.4308343827724457,0.38236603140830994,-0.035219255834817886,0.0
11,0.43089935183525085,0.32964324951171875,-0.04677658528089523,0.0
12,0.43022191524505615,0.2843250334262848,-0.05524304509162903,0.0
13,0.4094776213169098,0.4748281240463257,-0.024161217734217644,0.0
14,0.3996659815311432,0.40601032972335815,-0.037999652326107025,0.0
15,0.39646482467651367,0.3578777015209198,-0.04768312722444534,0.0
16,0.394380658864975,0.3158000409603119,-0.0541747584939003,0.0
17,0.38846009969711304,0.5057241320610046,-0.02853323332965374,0.0
18,0.36859652400016785,0.4561108350753784,-0.042443662881851196,0.0
19,0.3567749261856079,0.4207032024860382,-0.04893526807427406,0.0
20,0.34740304946899414,0.38623538613319397,-0.05250494182109833,0.0
