Landmark,X,Y,Z,Visibility
0,0.4318977892398834,0.4615485966205597,3.2315577414010477e-07,0.0
1,0.47025609016418457,0.4132046401500702,-0.02505786158144474,0.0
2,0.4924684464931488,0.3333311080932617,-0.03530944883823395,0.0
3,0.5044772624969482,0.25994113087654114,-0.04327071085572243,0.0
4,0.5217106938362122,0.20901727676391602,-0.05103948712348938,0.0
5,0.45609086751937866,0.23846665024757385,-0.023494742810726166,0.0
6,0.46764400601387024,0.14768573641777039,-0.03908471018075943,0.0
7,0.4711263179779053,0.08923778682947159,-0.051744360476732254,0.0
8,0.47281160950660706,0.03857740759849548,-0.06135924533009529,0.0
9,0.4247422218322754,0.23813492059707642,-0.022926978766918182,0.0
10,0.42236530780792236,0.1402396559715271,-0.0366651751101017,0.0
11,0.4199911952018738,0.07626007497310638,-0.04880862683057785,0.0
12,0.4183667302131653,0.022719891741871834,-0.05814487487077713,0.0
13,0.3974173665046692,0.25994178652763367,-0.025292230769991875,0.0
14,0.3874794840812683,0.1731126606464386,-0.04041258618235588,0.0
15,0.38329750299453735,0.1154194101691246,-0.05214690789580345,0.0
16,0.3822312653064728,0.06597141176462173,-0.06053800508379936,0.0
17,0.3728037178516388,0.3014565408229828,-0.029968861490488052,0.0
18,0.3479281961917877,0.24812926352024078,-0.046665534377098083,0.0
19,0.33191436529159546,0.20912297070026398,-0.05573409050703049,0.0
20,0.3200012147426605,0.16860128939151764,-0.06148536875844002,0.0
