Landmark,X,Y,Z,Visibility
0,0.4129641354084015,0.9136289954185486,3.6261110381019535e-07,0.0
1,0.4544335603713989,0.8492759466171265,-0.026825856417417526,0.0
2,0.4712437391281128,0.7511482238769531,-0.034139130264520645,0.0
3,0.4630270004272461,0.6627106666564941,-0.03887660428881645,0.0
4,0.4615008234977722,0.5888333916664124,-0.04287056624889374,0.0
5,0.4308244287967682,0.6600966453552246,-0.011244839057326317,0.0
6,0.4247996211051941,0.5615516304969788,-0.02562960796058178,0.0
7,0.41711291670799255,0.49945276975631714,-0.03869331255555153,0.0
8,0.409126877784729,0.4427761733531952,-0.04837515577673912,0.0
9,0.4002077579498291,0.6616248488426208,-0.008593214675784111,0.0
10,0.39241164922714233,0.5575217008590698,-0.021509680896997452,0.0
11,0.38622140884399414,0.4882993996143341,-0.035003457218408585,0.0
12,0.3810443878173828,0.4295180141925812,-0.04449925944209099,0.0
13,0.3740890920162201,0.6819576621055603,-0.010115145705640316,0.0
14,0.36317846179008484,0.5851690173149109,-0.024503057822585106,0.0
15,0.3601589500904083,0.5226324200630188,-0.03547469526529312,0.0
16,0.35862040519714355,0.46733278036117554,-0.042189355939626694,0.0
17,0.3491440415382385,0.7187508940696716,-0.014308907091617584,0.0
18,0.341078519821167,0.640380322933197,-0.028345894068479538,0.0
19,0.3391042947769165,0.5885491371154785,-0.03566618636250496,0.0
20,0.3388999104499817,0.5387105345726013,-0.039807241410017014,0.0
