Landmark,X,Y,Z,Visibility
0,0.4537017047405243,0.6213362216949463,3.569055024854606e-07,0.0
1,0.4945032000541687,0.5592555999755859,-0.028728025034070015,0.0
2,0.5121000409126282,0.46666425466537476,-0.040003702044487,0.0
3,0.5118433833122253,0.3874211609363556,-0.04877003654837608,0.0
4,0.5182904005050659,0.3175452649593353,-0.057761821895837784,0.0
5,0.47719472646713257,0.36636462807655334,-0.024814674630761147,0.0
6,0.4756743609905243,0.2719758152961731,-0.04442421346902847,0.0
7,0.47061747312545776,0.2105991244316101,-0.06006789952516556,0.0
8,0.46518367528915405,0.1543545126914978,-0.07198946923017502,0.0
9,0.4458916485309601,0.3692132532596588,-0.024136099964380264,0.0
10,0.44282466173171997,0.2635347247123718,-0.04255836829543114,0.0
11,0.43980225920677185,0.19375444948673248,-0.0586928129196167,0.0
12,0.4382879137992859,0.1308167427778244,-0.07104910910129547,0.0
13,0.41848334670066833,0.3949170410633087,-0.02722896635532379,0.0
14,0.41281858086586,0.2980949878692627,-0.04744270071387291,0.0
15,0.4135027825832367,0.23460908234119415,-0.06253409385681152,0.0
16,0.41701215505599976,0.17652326822280884,-0.0730413943529129,0.0
17,0.3923499286174774,0.4368099868297577,-0.032882288098335266,0.0
18,0.38452833890914917,0.36416736245155334,-0.05310538038611412,0.0
19,0.3861779272556305,0.31372547149658203,-0.06512697786092758,0.0
20,0.3913208842277527,0.2622503936290741,-0.0734976977109909,0.0
