Landmark,X,Y,Z,Visibility
0,0.35728368163108826,0.65265953540802,3.7703139810219e-07,0.0
1,0.3889480531215668,0.6311677694320679,-0.025503747165203094,0.0
2,0.41187962889671326,0.5907557606697083,-0.039254967123270035,0.0
3,0.4305209815502167,0.550498366355896,-0.050008662045001984,0.0
4,0.4508175551891327,0.5207635760307312,-0.060719192028045654,0.0
5,0.383158415555954,0.4960134029388428,-0.03009701333940029,0.0
6,0.39509353041648865,0.4316249191761017,-0.04546259716153145,0.0
7,0.40130549669265747,0.38792693614959717,-0.05684765800833702,0.0
8,0.4040730893611908,0.3495456278324127,-0.06546463817358017,0.0
9,0.35713112354278564,0.4902183413505554,-0.02813384309411049,0.0
10,0.3503812551498413,0.41846197843551636,-0.043130215257406235,0.0
11,0.3444995582103729,0.3705064356327057,-0.0548202209174633,0.0
12,0.3378037214279175,0.3289344310760498,-0.06302350014448166,0.0
13,0.33513200283050537,0.5042692422866821,-0.028367001563310623,0.0
14,0.3207760155200958,0.4416770339012146,-0.04441005736589432,0.0
15,0.3125661313533783,0.398645281791687,-0.05553950369358063,0.0
16,0.3055664598941803,0.36099135875701904,-0.06252463161945343,0.0
17,0.3180103302001953,0.534437358379364,-0.030481956899166107,0.0
18,0.2958832383155823,0.49336421489715576,-0.04647582396864891,0.0
19,0.28144311904907227,0.4656398892402649,-0.05488690733909607,0.0
20,0.27012744545936584,0.4368531405925751,-0.05954752489924431,0.0
