Landmark,X,Y,Z,Visibility
0,0.7394736409187317,0.7651277780532837,1.7013252318065497e-07,0.0
1,0.6914461851119995,0.7167526483535767,-0.012882803566753864,0.0
2,0.6680348515510559,0.6399490833282471,-0.015414062887430191,0.0
3,0.6657582521438599,0.5769655704498291,-0.018210861831903458,0.0
4,0.6607719659805298,0.5304632186889648,-0.0204953383654356,0.0
5,0.7013611793518066,0.571427047252655,0.002954790135845542,0.0
6,0.7013670802116394,0.4966440200805664,-0.008065369911491871,0.0
7,0.705118715763092,0.45364874601364136,-0.020246518775820732,0.0
8,0.7091104984283447,0.4146084785461426,-0.030007243156433105,0.0
9,0.7343477010726929,0.5697053074836731,-0.0015227027470245957,0.0
10,0.7345311641693115,0.4893200695514679,-0.010514764115214348,0.0
11,0.735453724861145,0.4398020803928375,-0.021925203502178192,0.0
12,0.7348393201828003,0.3976292610168457,-0.030562615022063255,0.0
13,0.7642062306404114,0.583724856376648,-0.009406041353940964,0.0
14,0.7654434442520142,0.5068522691726685,-0.020089508965611458,0.0
15,0.7633004784584045,0.4605613648891449,-0.027867775410413742,0.0
16,0.7593553066253662,0.4211735427379608,-0.03351545333862305,0.0
17,0.795699954032898,0.6113227009773254,-0.01916263811290264,0.0
18,0.7989789843559265,0.5522565245628357,-0.029913263395428658,0.0
19,0.7966984510421753,0.5132929682731628,-0.03375427797436714,0.0
20,0.7925752997398376,0.4772951304912567,-0.03605400770902634,0.0
