Landmark,X,Y,Z,Visibility
0,0.5259844064712524,0.5399932861328125,2.1638267355683638e-07,0.0
1,0.5571714639663696,0.4936372637748718,-0.014298451133072376,0.0
2,0.5708721876144409,0.42503151297569275,-0.01729590818285942,0.0
3,0.5711625814437866,0.36844152212142944,-0.019464604556560516,0.0
4,0.5762666463851929,0.32343247532844543,-0.02141154743731022,0.0
5,0.5471620559692383,0.3551724851131439,-0.004342352040112019,0.0
6,0.5473048686981201,0.28866368532180786,-0.013108113780617714,0.0
7,0.5455498695373535,0.24767054617404938,-0.02122410014271736,0.0
8,0.5432083010673523,0.2112506628036499,-0.027368631213903427,0.0
9,0.5256319046020508,0.3559889793395996,-0.004364367108792067,0.0
10,0.5252367854118347,0.28259536623954773,-0.012314596213400364,0.0
11,0.524773359298706,0.23598429560661316,-0.02057407982647419,0.0
12,0.5247923135757446,0.1958889663219452,-0.026645958423614502,0.0
13,0.506260871887207,0.37118157744407654,-0.006981838960200548,0.0
14,0.5043578743934631,0.30257347226142883,-0.01641332171857357,0.0
15,0.5060818195343018,0.259115606546402,-0.023803917691111565,0.0
16,0.5089021921157837,0.22138437628746033,-0.028681078925728798,0.0
17,0.4866946339607239,0.39720505475997925,-0.011129045858979225,0.0
18,0.48305216431617737,0.3439255356788635,-0.020658569410443306,0.0
19,0.48472079634666443,0.3090379536151886,-0.025668548420071602,0.0
20,0.4882054924964905,0.275222510099411,-0.028772803023457527,0.0
