Landmark,X,Y,Z,Visibility
0,0.4403075575828552,0.45854541659355164,3.189826713878574e-07,0.0
1,0.48118558526039124,0.41368743777275085,-0.024579893797636032,0.0
2,0.5052170157432556,0.3325083553791046,-0.03378232568502426,0.0
3,0.5178483724594116,0.259804904460907,-0.040833912789821625,0.0
4,0.5357300043106079,0.21014203131198883,-0.04780149087309837,0.0
5,0.47047334909439087,0.23495984077453613,-0.021704303100705147,0.0
6,0.4848971664905548,0.14697977900505066,-0.036582786589860916,0.0
7,0.4908776879310608,0.09001568704843521,-0.048745784908533096,0.0
8,0.4943247139453888,0.0407603457570076,-0.058248911052942276,0.0
9,0.4384489953517914,0.23255348205566406,-0.021623967215418816,0.0
10,0.4382598102092743,0.13512618839740753,-0.035313691943883896,0.0
11,0.43754133582115173,0.07255101203918457,-0.047400034964084625,0.0
12,0.4367889165878296,0.020598631352186203,-0.05660262703895569,0.0
13,0.4104546904563904,0.25413113832473755,-0.02462187595665455,0.0
14,0.4000034034252167,0.16639673709869385,-0.040821757167577744,0.0
15,0.3961907923221588,0.10607776045799255,-0.0536121241748333,0.0
16,0.39527440071105957,0.0535191111266613,-0.06261822581291199,0.0
17,0.38497909903526306,0.2961180806159973,-0.02977890521287918,0.0
18,0.3592125177383423,0.24195313453674316,-0.04799607768654823,0.0
19,0.3429696559906006,0.20141750574111938,-0.058248646557331085,0.0
20,0.33106452226638794,0.15821562707424164,-0.06483525782823563,0.0
