Landmark,X,Y,Z,Visibility
0,0.357113242149353,0.6546990871429443,2.9134670853636635e-07,0.0
1,0.3900098502635956,0.6294744610786438,-0.02033582329750061,0.0
2,0.41385895013809204,0.583518385887146,-0.030041567981243134,0.0
3,0.4331328570842743,0.5417262315750122,-0.0378846675157547,0.0
4,0.4529026746749878,0.5147832036018372,-0.0460825152695179,0.0
5,0.3833012282848358,0.49411407113075256,-0.023047493770718575,0.0
6,0.3950342535972595,0.43046000599861145,-0.03598402440547943,0.0
7,0.40165290236473083,0.38731154799461365,-0.046167366206645966,0.0
8,0.40490487217903137,0.349326491355896,-0.05429361015558243,0.0
9,0.3572827875614166,0.48977768421173096,-0.02297091670334339,0.0
10,0.34880244731903076,0.4180092513561249,-0.03587377443909645,0.0
11,0.3429703116416931,0.37040185928344727,-0.047204453498125076,0.0
12,0.33639225363731384,0.32938024401664734,-0.0555710643529892,0.0
13,0.33535733819007874,0.504719614982605,-0.024731313809752464,0.0
14,0.32116571068763733,0.4413929879665375,-0.03895178064703941,0.0
15,0.3130246698856354,0.3994697332382202,-0.04983704909682274,0.0
16,0.3059144914150238,0.3624080717563629,-0.05716199800372124,0.0
17,0.31848031282424927,0.5347397327423096,-0.02804091013967991,0.0
18,0.2967933714389801,0.494054913520813,-0.042925573885440826,0.0
19,0.2824460566043854,0.4664614200592041,-0.051023807376623154,0.0
20,0.27123335003852844,0.4382835924625397,-0.05575374513864517,0.0
