Landmark,X,Y,Z,Visibility
0,0.4133627116680145,0.6780822277069092,2.4222813976848556e-07,0.0
1,0.4487522840499878,0.6320898532867432,-0.01985829696059227,0.0
2,0.4740372896194458,0.5719999074935913,-0.03148423507809639,0.0
3,0.4928578734397888,0.5207504630088806,-0.04274197295308113,0.0
4,0.5140462517738342,0.48377183079719543,-0.05426419526338577,0.0
5,0.4330766499042511,0.47545596957206726,-0.021362587809562683,0.0
6,0.4409709572792053,0.3978021442890167,-0.03787243738770485,0.0
7,0.4452824294567108,0.34914687275886536,-0.051039621233940125,0.0
8,0.447588711977005,0.30366480350494385,-0.061187297105789185,0.0
9,0.40441471338272095,0.4755726456642151,-0.024152612313628197,0.0
10,0.3932604193687439,0.39203712344169617,-0.039825696498155594,0.0
11,0.3864487111568451,0.33859339356422424,-0.052398476749658585,0.0
12,0.37872835993766785,0.2896287441253662,-0.06191441789269447,0.0
13,0.38128581643104553,0.49719154834747314,-0.029376810416579247,0.0
14,0.3606436848640442,0.4271050691604614,-0.04580255597829819,0.0
15,0.3482990562915802,0.38122203946113586,-0.056297797709703445,0.0
16,0.33798468112945557,0.336515873670578,-0.06351625919342041,0.0
17,0.36346331238746643,0.5350120067596436,-0.036588046699762344,0.0
18,0.33732637763023376,0.4910915195941925,-0.05265078321099281,0.0
19,0.32022708654403687,0.4599761664867401,-0.060216259211301804,0.0
20,0.30584150552749634,0.42556503415107727,-0.064958855509758,0.0
