Landmark,X,Y,Z,Visibility
0,0.3664487898349762,0.698861837387085,-4.6089715510788665e-07,0.0
1,0.4184850752353668,0.655131459236145,-0.030753592029213905,0.0
2,0.45343905687332153,0.5596258640289307,-0.042812246829271317,0.0
3,0.436894029378891,0.47695598006248474,-0.05284706875681877,0.0
4,0.4028393030166626,0.4255984425544739,-0.05375621095299721,0.0
5,0.46157944202423096,0.4703594148159027,-0.010947764851152897,0.0
6,0.4730861783027649,0.38588982820510864,-0.05135143920779228,0.0
7,0.46804553270339966,0.4630886912345886,-0.06651414930820465,0.0
8,0.4605587422847748,0.4925279915332794,-0.07002964615821838,0.0
9,0.4122004508972168,0.47062110900878906,-0.012232010252773762,0.0
10,0.42103642225265503,0.3929215371608734,-0.05272771790623665,0.0
11,0.42559075355529785,0.4832666516304016,-0.05692904442548752,0.0
12,0.41980719566345215,0.4965735673904419,-0.04892002418637276,0.0
13,0.3650703728199005,0.48719048500061035,-0.021161509677767754,0.0
14,0.37308749556541443,0.44987159967422485,-0.06650587916374207,0.0
15,0.3891524374485016,0.5362503528594971,-0.055643804371356964,0.0
16,0.38535889983177185,0.5423830151557922,-0.0363796167075634,0.0
17,0.31851041316986084,0.5127715468406677,-0.03212495893239975,0.0
18,0.3366736173629761,0.4927552342414856,-0.05783093348145485,0.0
19,0.35401996970176697,0.5516788363456726,-0.04519880190491676,0.0
20,0.3502817749977112,0.5614510774612427,-0.02879475988447666,0.0
