Landmark,X,Y,Z,Visibility
0,0.5276397466659546,0.6161651611328125,-1.7332963864191697e-07,0.0
1,0.5542441010475159,0.5894711017608643,-0.01671620085835457,0.0
2,0.5741997957229614,0.5148635506629944,-0.022568508982658386,0.0
3,0.5672184228897095,0.4484975039958954,-0.027503564953804016,0.0
4,0.5478754639625549,0.4054405093193054,-0.027972260490059853,0.0
5,0.5602876543998718,0.4515906572341919,-0.0008878332446329296,0.0
6,0.5772681832313538,0.3981863260269165,-0.022099457681179047,0.0
7,0.5773345828056335,0.4446549713611603,-0.028444919735193253,0.0
8,0.5667493343353271,0.4687732458114624,-0.02819058671593666,0.0
9,0.536034107208252,0.4517180025577545,-0.0007441589259542525,0.0
10,0.5476909875869751,0.39834606647491455,-0.02554119937121868,0.0
11,0.5540433526039124,0.4648759663105011,-0.028925754129886627,0.0
12,0.5472866892814636,0.4808875620365143,-0.02328551933169365,0.0
13,0.5134099721908569,0.46331191062927246,-0.004750567488372326,0.0
14,0.5282624363899231,0.43573206663131714,-0.03381376713514328,0.0
15,0.5366175770759583,0.5105322003364563,-0.028207942843437195,0.0
16,0.5265852808952332,0.528698205947876,-0.01536189578473568,0.0
17,0.4899919331073761,0.4812352657318115,-0.009423007257282734,0.0
18,0.5094625949859619,0.46405473351478577,-0.027368765324354172,0.0
19,0.5172768831253052,0.5135335922241211,-0.021861091256141663,0.0
20,0.5074997544288635,0.5244355797767639,-0.012239601463079453,0.0
