Landmark,X,Y,Z,Visibility
0,0.6615420579910278,0.3194097876548767,-2.0977684300760302e-07,0.0
1,0.6327248811721802,0.2775750458240509,-0.011375061236321926,0.0
2,0.6224165558815002,0.2135756015777588,-0.017772739753127098,0.0
3,0.6323201656341553,0.16272415220737457,-0.02466248720884323,0.0
4,0.6479821801185608,0.12684400379657745,-0.029429813846945763,0.0
5,0.6293942928314209,0.18215978145599365,-0.005770574323832989,0.0
6,0.6254692077636719,0.13512754440307617,-0.028153127059340477,0.0
7,0.6307215690612793,0.16048794984817505,-0.04195066913962364,0.0
8,0.6332796812057495,0.1983688920736313,-0.046784304082393646,0.0
9,0.6526722311973572,0.1840965896844864,-0.007300199940800667,0.0
10,0.6538837552070618,0.1540888398885727,-0.03325319662690163,0.0
11,0.6530811786651611,0.2019091248512268,-0.0414019450545311,0.0
12,0.6496502757072449,0.24743570387363434,-0.03988359495997429,0.0
13,0.6746430993080139,0.19309382140636444,-0.012045381590723991,0.0
14,0.6755419969558716,0.18254195153713226,-0.035911235958337784,0.0
15,0.6689907908439636,0.23512348532676697,-0.03489282354712486,0.0
16,0.6606162190437317,0.2769082188606262,-0.026738187298178673,0.0
17,0.6940091848373413,0.20699694752693176,-0.017814522609114647,0.0
18,0.6932348012924194,0.2028888761997223,-0.03289538994431496,0.0
19,0.684992790222168,0.24178317189216614,-0.030545344576239586,0.0
20,0.6771138906478882,0.27089884877204895,-0.023835422471165657,0.0
