Landmark,X,Y,Z,Visibility
0,0.6695972084999084,0.6179883480072021,-1.2412612022671965e-06,0.0
1,0.5773574709892273,0.5692986845970154,-0.02866765856742859,0.0
2,0.523623526096344,0.4201078414916992,-0.04398125782608986,0.0
3,0.5317277312278748,0.28823280334472656,-0.06197832524776459,0.0
4,0.5496248006820679,0.18136191368103027,-0.07489068806171417,0.0
5,0.5452859997749329,0.27908188104629517,-0.02454812452197075,0.0
6,0.5131998658180237,0.18418364226818085,-0.08528614789247513,0.0
7,0.5143630504608154,0.24255771934986115,-0.11837178468704224,0.0
8,0.5207562446594238,0.3210853040218353,-0.12879888713359833,0.0
9,0.6167026162147522,0.2534804046154022,-0.031233111396431923,0.0
10,0.5881194472312927,0.28956517577171326,-0.09453487396240234,0.0
11,0.582938551902771,0.41641831398010254,-0.11128928512334824,0.0
12,0.5798485279083252,0.5019311904907227,-0.10745081305503845,0.0
13,0.6861512064933777,0.2698325514793396,-0.046512503176927567,0.0
14,0.65216463804245,0.3523680567741394,-0.10236040502786636,0.0
15,0.6382081508636475,0.4652508795261383,-0.09864633530378342,0.0
16,0.6262776851654053,0.5297082662582397,-0.08161497861146927,0.0
17,0.7459080815315247,0.3085986077785492,-0.06483639031648636,0.0
18,0.7204152941703796,0.36585381627082825,-0.09429024904966354,0.0
19,0.702994704246521,0.4425118565559387,-0.08661787211894989,0.0
20,0.6895443797111511,0.4785313606262207,-0.0710059404373169,0.0
