Landmark,X,Y,Z,Visibility
0,0.4179023206233978,0.3857364058494568,-2.136984136313913e-07,0.0
1,0.3959510028362274,0.3522852063179016,-0.004556749016046524,0.0
2,0.39051127433776855,0.3008735179901123,-0.006874758750200272,0.0
3,0.40246859192848206,0.2666594088077545,-0.010671757161617279,0.0
4,0.41728249192237854,0.24661384522914886,-0.013210427016019821,0.0
5,0.3990907073020935,0.2837153971195221,0.0019937248434871435,0.0
6,0.39557725191116333,0.24488665163516998,-0.011897807009518147,0.0
7,0.3965267837047577,0.2658750116825104,-0.02042658068239689,0.0
8,0.398051381111145,0.2933763563632965,-0.023155489936470985,0.0
9,0.4143286347389221,0.28976014256477356,-0.0003378743422217667,0.0
10,0.41343116760253906,0.2690086364746094,-0.017150605097413063,0.0
11,0.4115154445171356,0.30683988332748413,-0.021932799369096756,0.0
12,0.40965282917022705,0.33884528279304504,-0.020122505724430084,0.0
13,0.4285471737384796,0.29893794655799866,-0.00490557262673974,0.0
14,0.42505788803100586,0.2873266339302063,-0.020087651908397675,0.0
15,0.4208902418613434,0.32603931427001953,-0.018438830971717834,0.0
16,0.41795089840888977,0.3545154631137848,-0.012075102888047695,0.0
17,0.4420788586139679,0.3094160258769989,-0.009944304823875427,0.0
18,0.43536320328712463,0.2978612184524536,-0.018242761492729187,0.0
19,0.43121781945228577,0.3238295018672943,-0.015107669867575169,0.0
20,0.43032264709472656,0.34338676929473877,-0.009557467885315418,0.0
