Landmark,X,Y,Z,Visibility
0,0.357941210269928,0.7599702477455139,-2.6903344974016363e-07,0.0
1,0.42590630054473877,0.696570873260498,-0.03283843398094177,0.0
2,0.4619140028953552,0.5742220878601074,-0.04810328781604767,0.0
3,0.45604556798934937,0.4710805118083954,-0.06343560665845871,0.0
4,0.43855342268943787,0.3902665078639984,-0.07433250546455383,0.0
5,0.43723002076148987,0.4825302064418793,-0.02338823489844799,0.0
6,0.45347338914871216,0.388103187084198,-0.07609634846448898,0.0
7,0.4665461778640747,0.39842844009399414,-0.1056397557258606,0.0
8,0.46893221139907837,0.4494549036026001,-0.11539922654628754,0.0
9,0.3801909387111664,0.47482606768608093,-0.024379845708608627,0.0
10,0.413788765668869,0.45928090810775757,-0.08197498321533203,0.0
11,0.4192769527435303,0.5625560879707336,-0.09205926209688187,0.0
12,0.4160756766796112,0.6390533447265625,-0.08460836112499237,0.0
13,0.3275327682495117,0.4894268214702606,-0.03378232941031456,0.0
14,0.36788704991340637,0.5122302174568176,-0.09147682785987854,0.0
15,0.3759811520576477,0.6072558164596558,-0.08482490479946136,0.0
16,0.37608394026756287,0.6645512580871582,-0.06463503837585449,0.0
17,0.27605003118515015,0.5192797183990479,-0.046529848128557205,0.0
18,0.3177856206893921,0.5496165156364441,-0.08504738658666611,0.0
19,0.33450278639793396,0.6214836835861206,-0.08135819435119629,0.0
20,0.34011340141296387,0.6593538522720337,-0.06788095086812973,0.0
