Landmark,X,Y,Z,Visibility
0,0.4235815405845642,0.6232733130455017,-1.0968204122718817e-07,0.0
1,0.3959943950176239,0.5899990200996399,-0.009582044556736946,0.0
2,0.3716939687728882,0.5197535753250122,-0.014249937608838081,0.0
3,0.3503473103046417,0.47701582312583923,-0.020208755508065224,0.0
4,0.32684236764907837,0.45911967754364014,-0.026336293667554855,0.0
5,0.4046691656112671,0.47231847047805786,-0.009747186675667763,0.0
6,0.39658665657043457,0.40194645524024963,-0.021629396826028824,0.0
7,0.39287683367729187,0.35904380679130554,-0.027455804869532585,0.0
8,0.3895190954208374,0.3192981779575348,-0.031665243208408356,0.0
9,0.4218829870223999,0.4750592112541199,-0.012774264439940453,0.0
10,0.4130641520023346,0.4506015479564667,-0.04113699868321419,0.0
11,0.409136027097702,0.5071687698364258,-0.048931024968624115,0.0
12,0.40915215015411377,0.5469454526901245,-0.047203171998262405,0.0
13,0.43991613388061523,0.4861314594745636,-0.017002005130052567,0.0
14,0.4309024214744568,0.46704763174057007,-0.04348062723875046,0.0
15,0.42252033948898315,0.5193547606468201,-0.04166198894381523,0.0
16,0.4180307686328888,0.556891679763794,-0.03225577250123024,0.0
17,0.45786261558532715,0.49909499287605286,-0.021811790764331818,0.0
18,0.46189457178115845,0.443185955286026,-0.03840731456875801,0.0
19,0.4615156650543213,0.4049232006072998,-0.039864432066679,0.0
20,0.4597378373146057,0.36781153082847595,-0.03698953613638878,0.0
