Landmark,X,Y,Z,Visibility
0,0.5030418634414673,0.5659412145614624,-2.6250960516449595e-08,0.0
1,0.47856441140174866,0.5397325158119202,-0.01127970963716507,0.0
2,0.45821690559387207,0.47647565603256226,-0.01650726981461048,0.0
3,0.4427199363708496,0.4340609908103943,-0.022301265969872475,0.0
4,0.4231047034263611,0.41879045963287354,-0.028067415580153465,0.0
5,0.48570185899734497,0.4191543161869049,-0.011122866533696651,0.0
6,0.4876653850078583,0.35330286622047424,-0.021260252222418785,0.0
7,0.48983708024024963,0.31192508339881897,-0.0262925885617733,0.0
8,0.4920367896556854,0.27495071291923523,-0.02996916137635708,0.0
9,0.5040910243988037,0.4257299602031708,-0.01309029571712017,0.0
10,0.5041979551315308,0.3986780047416687,-0.038961879909038544,0.0
11,0.49748650193214417,0.44872841238975525,-0.046390462666749954,0.0
12,0.49261394143104553,0.4885530173778534,-0.044573668390512466,0.0
13,0.5225563645362854,0.4395698010921478,-0.01628202199935913,0.0
14,0.5233232378959656,0.4193389117717743,-0.04052603244781494,0.0
15,0.5127629041671753,0.4645479619503021,-0.04017675668001175,0.0
16,0.503524661064148,0.4978404939174652,-0.03220684081315994,0.0
17,0.5408827066421509,0.45370838046073914,-0.020170442759990692,0.0
18,0.5508903861045837,0.4043543040752411,-0.03451278433203697,0.0
19,0.5570183396339417,0.3705834746360779,-0.036096006631851196,0.0
20,0.5608638525009155,0.33611252903938293,-0.03372330963611603,0.0
