Landmark,X,Y,Z,Visibility
0,0.8625597953796387,0.40496471524238586,-4.853067707699665e-07,0.0
1,0.8180848360061646,0.34760192036628723,-0.01498165912926197,0.0
2,0.800654947757721,0.2544146478176117,-0.02316225692629814,0.0
3,0.8167609572410583,0.18218548595905304,-0.03262804076075554,0.0
4,0.8419696688652039,0.13456641137599945,-0.038850847631692886,0.0
5,0.815780758857727,0.19777803122997284,-0.007320272736251354,0.0
6,0.8085328340530396,0.12647941708564758,-0.03866085410118103,0.0
7,0.8146968483924866,0.1675974577665329,-0.05609885975718498,0.0
8,0.8189280033111572,0.22272099554538727,-0.06171293184161186,0.0
9,0.8515375256538391,0.19927410781383514,-0.010068119503557682,0.0
10,0.8510499596595764,0.1588597148656845,-0.04589959979057312,0.0
11,0.8450338244438171,0.23605197668075562,-0.05483952537178993,0.0
12,0.8364916443824768,0.29912668466567993,-0.051288168877363205,0.0
13,0.8850067257881165,0.214816614985466,-0.017533157020807266,0.0
14,0.8818395733833313,0.20039144158363342,-0.05036395788192749,0.0
15,0.8675982356071472,0.2754627764225006,-0.04781629145145416,0.0
16,0.8549599647521973,0.32581326365470886,-0.03636956959962845,0.0
17,0.9163705706596375,0.23941965401172638,-0.026357905939221382,0.0
18,0.9148244261741638,0.2216128706932068,-0.04588538408279419,0.0
19,0.8993018269538879,0.2689727246761322,-0.04234883934259415,0.0
20,0.8869672417640686,0.3014981746673584,-0.033780548721551895,0.0
