Landmark,X,Y,Z,Visibility
0,0.5743893384933472,0.5589647889137268,-6.820359743642257e-08,0.0
1,0.5427330136299133,0.5303807258605957,-0.0116310128942132,0.0
2,0.5203751921653748,0.4639844000339508,-0.015978634357452393,0.0
3,0.5095117092132568,0.4117567837238312,-0.020464878529310226,0.0
4,0.49322664737701416,0.3804621696472168,-0.024702826514840126,0.0
5,0.5537421703338623,0.4145771861076355,-0.013386566191911697,0.0
6,0.5520185828208923,0.34853488206863403,-0.02655884064733982,0.0
7,0.5524610280990601,0.304132342338562,-0.034895580261945724,0.0
8,0.5511098504066467,0.2640219032764435,-0.04085756093263626,0.0
9,0.5735910534858704,0.4202154278755188,-0.01532763335853815,0.0
10,0.5734566450119019,0.39414718747138977,-0.04425671324133873,0.0
11,0.5665891170501709,0.4487936496734619,-0.054148077964782715,0.0
12,0.5594552755355835,0.4924006462097168,-0.05412869527935982,0.0
13,0.5938363075256348,0.4330521821975708,-0.018391471356153488,0.0
14,0.5926053524017334,0.4137568175792694,-0.045297808945178986,0.0
15,0.5831121206283569,0.4618912637233734,-0.045492254197597504,0.0
16,0.5741192102432251,0.49992796778678894,-0.03766060248017311,0.0
17,0.61372971534729,0.4464011788368225,-0.022137843072414398,0.0
18,0.6197996139526367,0.39134809374809265,-0.03979512304067612,0.0
19,0.6228264570236206,0.3525867462158203,-0.04239966347813606,0.0
20,0.6240532398223877,0.31585705280303955,-0.04024355113506317,0.0
