Landmark,X,Y,Z,Visibility
0,0.5034075379371643,0.564811646938324,-1.0349491219585616e-07,0.0
1,0.47745782136917114,0.5372912287712097,-0.00996284931898117,0.0
2,0.46012580394744873,0.4710944890975952,-0.012645592913031578,0.0
3,0.45266300439834595,0.4220690131187439,-0.015795845538377762,0.0
4,0.4383695721626282,0.39439940452575684,-0.01874280907213688,0.0
5,0.4862554371356964,0.4188445210456848,-0.009644608944654465,0.0
6,0.48555630445480347,0.35377779603004456,-0.020630711689591408,0.0
7,0.4859694242477417,0.3129974901676178,-0.02636466920375824,0.0
8,0.4867539703845978,0.27559253573417664,-0.030204981565475464,0.0
9,0.5038000345230103,0.4253270924091339,-0.011462826281785965,0.0
10,0.5025199055671692,0.39599689841270447,-0.037053197622299194,0.0
11,0.49676311016082764,0.44574984908103943,-0.044040631502866745,0.0
12,0.4933808743953705,0.4850192666053772,-0.04200072959065437,0.0
13,0.5213062167167664,0.438845157623291,-0.014611192047595978,0.0
14,0.5212929248809814,0.4150387644767761,-0.038707148283720016,0.0
15,0.5115882754325867,0.4615722596645355,-0.037558697164058685,0.0
16,0.5042452216148376,0.4959873557090759,-0.02905641309916973,0.0
17,0.5392036437988281,0.45326507091522217,-0.018478265032172203,0.0
18,0.5483600497245789,0.4025091528892517,-0.03379948064684868,0.0
19,0.5528533458709717,0.36842110753059387,-0.03584776073694229,0.0
20,0.5560171008110046,0.33451640605926514,-0.0335497111082077,0.0
