Landmark,X,Y,Z,Visibility
0,0.581203281879425,0.5631629228591919,-1.2689281447819667e-07,0.0
1,0.54900723695755,0.5260688662528992,-0.01204392034560442,0.0
2,0.5340473651885986,0.4548470973968506,-0.015255068428814411,0.0
3,0.5331628918647766,0.3976800739765167,-0.018909217789769173,0.0
4,0.5244695544242859,0.3575112521648407,-0.022235553711652756,0.0
5,0.567600667476654,0.41078874468803406,-0.009653642773628235,0.0
6,0.5689086318016052,0.3425789177417755,-0.02189190313220024,0.0
7,0.5707968473434448,0.29914194345474243,-0.028682829812169075,0.0
8,0.5719708204269409,0.25846174359321594,-0.03296422213315964,0.0
9,0.5872042775154114,0.41991114616394043,-0.010641287080943584,0.0
10,0.5894407629966736,0.39405879378318787,-0.03869348764419556,0.0
11,0.5810777544975281,0.4464469254016876,-0.04754536971449852,0.0
12,0.5743434429168701,0.4873819649219513,-0.04620164632797241,0.0
13,0.6051533222198486,0.4346906542778015,-0.013222180306911469,0.0
14,0.6076878309249878,0.4146449863910675,-0.04006584733724594,0.0
15,0.594809353351593,0.4637399911880493,-0.0403309129178524,0.0
16,0.5845116376876831,0.49952223896980286,-0.031801242381334305,0.0
17,0.6234390735626221,0.45059552788734436,-0.016626235097646713,0.0
18,0.6327658891677856,0.3965524137020111,-0.03392885997891426,0.0
19,0.637288510799408,0.3576332926750183,-0.03700672462582588,0.0
20,0.6412027478218079,0.3202403485774994,-0.03476196154952049,0.0
