Landmark,X,Y,Z,Visibility
0,0.6456671953201294,0.3112808167934418,-2.770614173641661e-07,0.0
1,0.6154792308807373,0.27205023169517517,-0.010368145070970058,0.0
2,0.6015327572822571,0.2084466964006424,-0.01650971919298172,0.0
3,0.6077080965042114,0.15449567139148712,-0.023568052798509598,0.0
4,0.6212093830108643,0.114206463098526,-0.028920350596308708,0.0
5,0.6110616326332092,0.16577546298503876,-0.003890130203217268,0.0
6,0.6027107834815979,0.1243993416428566,-0.026598220691084862,0.0
7,0.608148992061615,0.15596485137939453,-0.041272904723882675,0.0
8,0.612697422504425,0.19529516994953156,-0.04680394381284714,0.0
9,0.6344090700149536,0.16468901932239532,-0.005779607221484184,0.0
10,0.6310101747512817,0.14497010409832,-0.03097718581557274,0.0
11,0.6309705376625061,0.197407066822052,-0.0389457643032074,0.0
12,0.6297980546951294,0.24397012591362,-0.03768020123243332,0.0
13,0.6568514704704285,0.17260125279426575,-0.010997626930475235,0.0
14,0.6532368659973145,0.1701226681470871,-0.03462815284729004,0.0
15,0.6483930945396423,0.2254967838525772,-0.033618755638599396,0.0
16,0.6431690454483032,0.26878780126571655,-0.025701770558953285,0.0
17,0.6771818995475769,0.1865842640399933,-0.017185697332024574,0.0
18,0.6716884970664978,0.18734976649284363,-0.03262200951576233,0.0
19,0.6644296646118164,0.2304035872220993,-0.030416106805205345,0.0
20,0.6593888401985168,0.26218506693840027,-0.02371091954410076,0.0
