Landmark,X,Y,Z,Visibility
0,0.3597390651702881,0.3437593877315521,-1.8501698662021226e-07,0.0
1,0.33719608187675476,0.3199957311153412,-0.0029236385598778725,0.0
2,0.3283022940158844,0.2777254581451416,-0.004778209142386913,0.0
3,0.3341522216796875,0.243880957365036,-0.008107922971248627,0.0
4,0.34184202551841736,0.21916396915912628,-0.010487089864909649,0.0
5,0.3325566351413727,0.25634700059890747,0.002480311319231987,0.0
6,0.32764261960983276,0.22360558807849884,-0.009815087541937828,0.0
7,0.3300812542438507,0.24026750028133392,-0.0173430647701025,0.0
8,0.33301135897636414,0.264019638299942,-0.019609574228525162,0.0
9,0.3465360105037689,0.2578229606151581,-0.0002922697749454528,0.0
10,0.3442719578742981,0.23895175755023956,-0.014909249730408192,0.0
11,0.34579166769981384,0.2716904878616333,-0.019191011786460876,0.0
12,0.3468826413154602,0.300527423620224,-0.017657626420259476,0.0
13,0.36030322313308716,0.2629745900630951,-0.004931469447910786,0.0
14,0.35654178261756897,0.253167062997818,-0.018275558948516846,0.0
15,0.3558948040008545,0.28724807500839233,-0.016919150948524475,0.0
16,0.3551969826221466,0.3123897314071655,-0.011459797620773315,0.0
17,0.37318944931030273,0.2700052559375763,-0.009804608300328255,0.0
18,0.36690402030944824,0.260958731174469,-0.01707565411925316,0.0
19,0.36522436141967773,0.2851700186729431,-0.014046725817024708,0.0
20,0.3655577600002289,0.30270376801490784,-0.008977572433650494,0.0
