Landmark,X,Y,Z,Visibility
0,0.7101174592971802,0.6349741220474243,-9.159444402939698e-07,0.0
1,0.642620325088501,0.5931698083877563,-0.00868527777493,0.0
2,0.5974664688110352,0.49828043580055237,-0.014020610600709915,0.0
3,0.6036546230316162,0.40767887234687805,-0.02367674931883812,0.0
4,0.6267632246017456,0.3395151197910309,-0.030137762427330017,0.0
5,0.6204191446304321,0.4106324017047882,0.002530613448470831,0.0
6,0.5902801156044006,0.3313811719417572,-0.03681214526295662,0.0
7,0.5863457322120667,0.3728809356689453,-0.056357186287641525,0.0
8,0.5944250822067261,0.42607519030570984,-0.061946265399456024,0.0
9,0.6663175821304321,0.40378671884536743,-0.007419737055897713,0.0
10,0.6346823573112488,0.3705426752567291,-0.05283376947045326,0.0
11,0.6342607140541077,0.4626960754394531,-0.05968385189771652,0.0
12,0.6439438462257385,0.5221236944198608,-0.051763780415058136,0.0
13,0.7124702334403992,0.4115365445613861,-0.023372454568743706,0.0
14,0.6794439554214478,0.4007834494113922,-0.06624456495046616,0.0
15,0.6747058033943176,0.4968242645263672,-0.05433950945734978,0.0
16,0.681022584438324,0.546810507774353,-0.03390635550022125,0.0
17,0.7599379420280457,0.43051445484161377,-0.04054920747876167,0.0
18,0.7246866822242737,0.42330202460289,-0.06470853090286255,0.0
19,0.7128170728683472,0.49300163984298706,-0.05411142110824585,0.0
20,0.7171074151992798,0.5256361961364746,-0.038880035281181335,0.0
