Landmark,X,Y,Z,Visibility
0,0.7627071142196655,0.6580731868743896,-9.382316079609154e-07,0.0
1,0.6868815422058105,0.6058809161186218,-0.00646126689389348,0.0
2,0.6440417170524597,0.5072383880615234,-0.012070199474692345,0.0
3,0.652724027633667,0.4165927469730377,-0.023173684254288673,0.0
4,0.6783304214477539,0.35020264983177185,-0.03174113482236862,0.0
5,0.6755871176719666,0.4286261796951294,0.0033450748305767775,0.0
6,0.6520525217056274,0.3377646505832672,-0.03751678019762039,0.0
7,0.6447598338127136,0.37779152393341064,-0.0587410107254982,0.0
8,0.6484226584434509,0.4321838617324829,-0.06530319899320602,0.0
9,0.7234368920326233,0.43043261766433716,-0.009020726196467876,0.0
10,0.6978727579116821,0.3763071894645691,-0.05743194371461868,0.0
11,0.6911280155181885,0.47110313177108765,-0.06620360910892487,0.0
12,0.6966930031776428,0.5392635464668274,-0.05854871869087219,0.0
13,0.772788405418396,0.44297274947166443,-0.027125759050250053,0.0
14,0.7443945407867432,0.4136274755001068,-0.07344746589660645,0.0
15,0.7343876361846924,0.5096542835235596,-0.06300534307956696,0.0
16,0.7378103137016296,0.5650164484977722,-0.0419781431555748,0.0
17,0.8242677450180054,0.46422189474105835,-0.04583180695772171,0.0
18,0.7918289303779602,0.43411409854888916,-0.07122211903333664,0.0
19,0.7767225503921509,0.5007950663566589,-0.059469547122716904,0.0
20,0.7786999940872192,0.5395593643188477,-0.04287869110703468,0.0
