Landmark,X,Y,Z,Visibility
0,0.6350646615028381,0.3096071481704712,-2.18448221289691e-07,0.0
1,0.605040431022644,0.271077960729599,-0.011167557910084724,0.0
2,0.591377854347229,0.2088649719953537,-0.01765359379351139,0.0
3,0.5972670316696167,0.15708066523075104,-0.024840619415044785,0.0
4,0.6125047206878662,0.11821921914815903,-0.03025416098535061,0.0
5,0.5994628071784973,0.17591695487499237,-0.004570837132632732,0.0
6,0.5928192138671875,0.13269054889678955,-0.02835928648710251,0.0
7,0.5992746353149414,0.15757253766059875,-0.043951377272605896,0.0
8,0.6042178273200989,0.1963624656200409,-0.049801599234342575,0.0
9,0.6223880052566528,0.17443405091762543,-0.006169381085783243,0.0
10,0.6214316487312317,0.14629630744457245,-0.03267687186598778,0.0
11,0.6217944025993347,0.19445684552192688,-0.041622091084718704,0.0
12,0.6202660202980042,0.24173621833324432,-0.04055133834481239,0.0
13,0.6449490189552307,0.18117281794548035,-0.011099560186266899,0.0
14,0.6434374451637268,0.17104175686836243,-0.03578225523233414,0.0
15,0.639160692691803,0.2236417979001999,-0.03515863046050072,0.0
16,0.6339194774627686,0.26705271005630493,-0.026926390826702118,0.0
17,0.665050745010376,0.1937064677476883,-0.016992582008242607,0.0
18,0.661329984664917,0.18692685663700104,-0.03299601748585701,0.0
19,0.6549885869026184,0.22673095762729645,-0.030653154477477074,0.0
20,0.6502746939659119,0.2583175599575043,-0.023567477241158485,0.0
