Landmark,X,Y,Z,Visibility
0,0.7014728784561157,0.6732563376426697,-9.903801583277527e-07,0.0
1,0.6287180185317993,0.6299113035202026,-0.011872624047100544,0.0
2,0.5852446556091309,0.5286957025527954,-0.018159721046686172,0.0
3,0.5950588583946228,0.4344942271709442,-0.027704304084181786,0.0
4,0.6221645474433899,0.3679366409778595,-0.032980021089315414,0.0
5,0.61097252368927,0.43419575691223145,-0.0020884487312287092,0.0
6,0.5775145292282104,0.35831132531166077,-0.0391540490090847,0.0
7,0.5712780356407166,0.4060015380382538,-0.056133054196834564,0.0
8,0.5769385695457458,0.46001192927360535,-0.060592520982027054,0.0
9,0.6587952971458435,0.4273308515548706,-0.009453159756958485,0.0
10,0.6230306625366211,0.4119299650192261,-0.05284532159566879,0.0
11,0.6244033575057983,0.5041868686676025,-0.05920089781284332,0.0
12,0.635259211063385,0.5599310398101807,-0.05197283625602722,0.0
13,0.7054416537284851,0.43638312816619873,-0.02244686894118786,0.0
14,0.6663362979888916,0.44515904784202576,-0.06321254372596741,0.0
15,0.6631863713264465,0.5377816557884216,-0.052255962044000626,0.0
16,0.671222984790802,0.5845097303390503,-0.03355614095926285,0.0
17,0.7506966590881348,0.4574509263038635,-0.03710418939590454,0.0
18,0.7090966701507568,0.4705606997013092,-0.05972342938184738,0.0
19,0.6998236179351807,0.5356948375701904,-0.05157696455717087,0.0
20,0.707769513130188,0.5623180866241455,-0.03858418017625809,0.0
