Landmark,X,Y,Z,Visibility
0,0.40112799406051636,0.34984883666038513,-3.882805117427779e-07,0.0
1,0.37335291504859924,0.31733062863349915,-0.0037329697515815496,0.0
2,0.3621859848499298,0.25764161348342896,-0.006586673203855753,0.0
3,0.3716457784175873,0.2086990773677826,-0.011517605744302273,0.0
4,0.38761159777641296,0.1742774248123169,-0.015102146193385124,0.0
5,0.3786449134349823,0.2126903235912323,0.0028006164357066154,0.0
6,0.3593156933784485,0.17423678934574127,-0.014523898251354694,0.0
7,0.3565906286239624,0.20453301072120667,-0.02470148354768753,0.0
8,0.35906627774238586,0.2392481565475464,-0.02778058499097824,0.0
9,0.3977822959423065,0.21185919642448425,-0.0007337224669754505,0.0
10,0.37791576981544495,0.20745949447155,-0.021081693470478058,0.0
11,0.3773864805698395,0.2600136399269104,-0.02619793824851513,0.0
12,0.38020628690719604,0.2975804805755615,-0.023788684979081154,0.0
13,0.41476970911026,0.21941258013248444,-0.006824734155088663,0.0
14,0.39300283789634705,0.22592642903327942,-0.025119855999946594,0.0
15,0.3914848864078522,0.27869606018066406,-0.022231325507164,0.0
16,0.3930836021900177,0.3125591278076172,-0.014079614542424679,0.0
17,0.42957720160484314,0.2321314662694931,-0.013476232998073101,0.0
18,0.40755772590637207,0.23428773880004883,-0.023003961890935898,0.0
19,0.405102014541626,0.2691555917263031,-0.019171131774783134,0.0
20,0.4085237681865692,0.2903648018836975,-0.012298403307795525,0.0
