Landmark,X,Y,Z,Visibility
0,0.6881556510925293,0.6932234764099121,-1.0472444955667015e-06,0.0
1,0.6174308061599731,0.6434153914451599,-0.013905483298003674,0.0
2,0.5745033025741577,0.5431790351867676,-0.02187005989253521,0.0
3,0.582511842250824,0.4490455985069275,-0.033064741641283035,0.0
4,0.6051562428474426,0.3797444999217987,-0.03939342498779297,0.0
5,0.6021507978439331,0.4333668649196625,-0.002613501623272896,0.0
6,0.5654712915420532,0.3613128364086151,-0.04065527394413948,0.0
7,0.5580525994300842,0.418964684009552,-0.05847589671611786,0.0
8,0.5629982948303223,0.4772612452507019,-0.06327678263187408,0.0
9,0.6503543257713318,0.4252035915851593,-0.008792751468718052,0.0
10,0.6068858504295349,0.4216715693473816,-0.0516483411192894,0.0
11,0.6086365580558777,0.517271101474762,-0.05915413051843643,0.0
12,0.6194974780082703,0.5754470825195312,-0.05354299768805504,0.0
13,0.6969765424728394,0.43556442856788635,-0.02076243981719017,0.0
14,0.6502397060394287,0.45603862404823303,-0.06054999679327011,0.0
15,0.6466267108917236,0.5483512878417969,-0.05144632235169411,0.0
16,0.6530921459197998,0.5975854992866516,-0.035012613981962204,0.0
17,0.741275429725647,0.460073322057724,-0.03487598896026611,0.0
18,0.6951943635940552,0.4867161810398102,-0.057918597012758255,0.0
19,0.6825271248817444,0.5532165169715881,-0.05240536108613014,0.0
20,0.6871502995491028,0.5837570428848267,-0.04143131896853447,0.0
