Landmark,X,Y,Z,Visibility
0,0.6606490612030029,0.3067067265510559,-1.826076641009422e-07,0.0
1,0.6326260566711426,0.26687586307525635,-0.012141463346779346,0.0
2,0.6210073828697205,0.20741795003414154,-0.019689276814460754,0.0
3,0.6287840604782104,0.15628361701965332,-0.027662593871355057,0.0
4,0.6441748738288879,0.11849692463874817,-0.03363799676299095,0.0
5,0.6266015768051147,0.1734306663274765,-0.006228609476238489,0.0
6,0.6206949353218079,0.12776342034339905,-0.029764214530587196,0.0
7,0.6265038251876831,0.14725361764431,-0.044652391225099564,0.0
8,0.6305128335952759,0.18189242482185364,-0.05017440393567085,0.0
9,0.6494757533073425,0.17378965020179749,-0.007699033245444298,0.0
10,0.6498834490776062,0.14265602827072144,-0.0356968455016613,0.0
11,0.6500141024589539,0.189646378159523,-0.045265380293130875,0.0
12,0.6473372578620911,0.23580583930015564,-0.044261347502470016,0.0
13,0.6715492606163025,0.18094982206821442,-0.01238275971263647,0.0
14,0.6719498038291931,0.17012043297290802,-0.0383908748626709,0.0
15,0.6662834882736206,0.22280611097812653,-0.03826633840799332,0.0
16,0.6585778594017029,0.2653171718120575,-0.030044985935091972,0.0
17,0.691046953201294,0.1929829865694046,-0.018034428358078003,0.0
18,0.6891300082206726,0.18799526989459991,-0.0346820093691349,0.0
19,0.6816405057907104,0.22765235602855682,-0.03273041918873787,0.0
20,0.6745213866233826,0.2581964135169983,-0.02585838921368122,0.0
