Landmark,X,Y,Z,Visibility
0,0.659746527671814,0.30918702483177185,-2.0591586746832036e-07,0.0
1,0.6309815645217896,0.26782482862472534,-0.011145965196192265,0.0
2,0.6199617385864258,0.2068895697593689,-0.017532953992486,0.0
3,0.6283061504364014,0.1551438271999359,-0.024532174691557884,0.0
4,0.6421738266944885,0.11665453761816025,-0.029580343514680862,0.0
5,0.6258971691131592,0.17303405702114105,-0.004327248781919479,0.0
6,0.6203115582466125,0.12933844327926636,-0.026765350252389908,0.0
7,0.6263346672058105,0.1538618505001068,-0.04105597361922264,0.0
8,0.6305265426635742,0.18938438594341278,-0.04626205563545227,0.0
9,0.6489501595497131,0.17354704439640045,-0.005857774522155523,0.0
10,0.648771345615387,0.14452095329761505,-0.032063599675893784,0.0
11,0.6488252878189087,0.19203802943229675,-0.040983013808727264,0.0
12,0.6467893719673157,0.237559512257576,-0.03987903892993927,0.0
13,0.6708117723464966,0.18090948462486267,-0.010585712268948555,0.0
14,0.6709179282188416,0.17229926586151123,-0.03496250882744789,0.0
15,0.6653597354888916,0.224775031208992,-0.03468470647931099,0.0
16,0.6584575176239014,0.26668986678123474,-0.026721404865384102,0.0
17,0.690006673336029,0.19337548315525055,-0.016283484175801277,0.0
18,0.6882066130638123,0.18972571194171906,-0.03173341602087021,0.0
19,0.6810536980628967,0.2292492389678955,-0.029710965231060982,0.0
20,0.6748406887054443,0.2594338655471802,-0.02301044948399067,0.0
