Landmark,X,Y,Z,Visibility
0,0.37048977613449097,0.35610517859458923,-2.498238984571799e-07,0.0
1,0.3503345847129822,0.3302936255931854,-0.002540195593610406,0.0
2,0.3419945240020752,0.28807368874549866,-0.005019657779484987,0.0
3,0.34833404421806335,0.25313955545425415,-0.008986002765595913,0.0
4,0.35942599177360535,0.22682544589042664,-0.011990141123533249,0.0
5,0.3494064211845398,0.25968605279922485,0.0010831212857738137,0.0
6,0.337960422039032,0.22917653620243073,-0.01208016462624073,0.0
7,0.3395472764968872,0.25187596678733826,-0.019803645089268684,0.0
8,0.34286168217658997,0.27693888545036316,-0.022161122411489487,0.0
9,0.3639366626739502,0.2601325213909149,-0.0017774160951375961,0.0
10,0.3542810380458832,0.2486777901649475,-0.01661510579288006,0.0
11,0.3554007411003113,0.2858424782752991,-0.020234365016222,0.0
12,0.35680878162384033,0.313543438911438,-0.018486211076378822,0.0
13,0.3777539134025574,0.2654916048049927,-0.006448732223361731,0.0
14,0.3666346073150635,0.2626327872276306,-0.019807033240795135,0.0
15,0.3661819398403168,0.3005675673484802,-0.017549606040120125,0.0
16,0.3665725588798523,0.32521092891693115,-0.011551463045179844,0.0
17,0.39097049832344055,0.27415764331817627,-0.011386137455701828,0.0
18,0.3780486285686493,0.2693473994731903,-0.018248671665787697,0.0
19,0.37586721777915955,0.2954553961753845,-0.014886596240103245,0.0
20,0.37735041975975037,0.3119010329246521,-0.009617130272090435,0.0
