Landmark,X,Y,Z,Visibility
0,0.659465491771698,0.31179577112197876,-2.0624443664019054e-07,0.0
1,0.630950391292572,0.2715597152709961,-0.011691373772919178,0.0
2,0.62031090259552,0.2090357095003128,-0.017815332859754562,0.0
3,0.6287004351615906,0.15710854530334473,-0.024337204173207283,0.0
4,0.6424350738525391,0.1188119649887085,-0.028820907697081566,0.0
5,0.6255244612693787,0.17699943482875824,-0.004741049837321043,0.0
6,0.6203143000602722,0.13222934305667877,-0.026720447465777397,0.0
7,0.6264300346374512,0.1561761349439621,-0.04053865745663643,0.0
8,0.6305652856826782,0.1919030398130417,-0.04550154134631157,0.0
9,0.6488035321235657,0.17709887027740479,-0.005765622481703758,0.0
10,0.6493204832077026,0.1495395302772522,-0.03144144266843796,0.0
11,0.6493031978607178,0.1973615288734436,-0.03986368328332901,0.0
12,0.6469936370849609,0.2424910068511963,-0.03860603645443916,0.0
13,0.6707709431648254,0.18466107547283173,-0.01004418358206749,0.0
14,0.6712961792945862,0.1762501299381256,-0.033971380442380905,0.0
15,0.665601372718811,0.22853729128837585,-0.033454298973083496,0.0
16,0.6585898995399475,0.27016350626945496,-0.025598270818591118,0.0
17,0.6900721788406372,0.19730404019355774,-0.01536241453140974,0.0
18,0.6888839602470398,0.19528597593307495,-0.030959485098719597,0.0
19,0.6813797354698181,0.23472599685192108,-0.029265891760587692,0.0
20,0.6749081611633301,0.2641851305961609,-0.022891275584697723,0.0
