Landmark,X,Y,Z,Visibility
0,0.7193079590797424,0.6279553174972534,-1.0710195965657476e-06,0.0
1,0.6283634901046753,0.5710417032241821,-0.029220174998044968,0.0
2,0.5792286396026611,0.431447833776474,-0.04786811023950577,0.0
3,0.5972108244895935,0.3087161183357239,-0.06840959191322327,0.0
4,0.6312044262886047,0.20754128694534302,-0.0840744748711586,0.0
5,0.6093570590019226,0.29083558917045593,-0.03167162090539932,0.0
6,0.5818781852722168,0.2118901014328003,-0.09295714646577835,0.0
7,0.5755913853645325,0.24817535281181335,-0.12874546647071838,0.0
8,0.5746083855628967,0.31100398302078247,-0.1433238536119461,0.0
9,0.681534469127655,0.2647477984428406,-0.04045911505818367,0.0
10,0.6527999639511108,0.3215253949165344,-0.10571508854627609,0.0
11,0.6365684866905212,0.44171062111854553,-0.12374161928892136,0.0
12,0.6270854473114014,0.519829511642456,-0.12155652046203613,0.0
13,0.7513154149055481,0.2874242961406708,-0.05744379758834839,0.0
14,0.7167775630950928,0.39846086502075195,-0.11249295622110367,0.0
15,0.6939967274665833,0.5003833770751953,-0.10833356529474258,0.0
16,0.6776319146156311,0.5494123101234436,-0.09256158769130707,0.0
17,0.8136441707611084,0.3347814679145813,-0.0782541036605835,0.0
18,0.7874924540519714,0.4150203466415405,-0.10800091922283173,0.0
19,0.7619572877883911,0.48277854919433594,-0.10103783756494522,0.0
20,0.7421315908432007,0.5070730447769165,-0.08688909560441971,0.0
