Landmark,X,Y,Z,Visibility
0,0.6591227054595947,0.3108709454536438,-1.8145362901123008e-07,0.0
1,0.6319178342819214,0.2707613706588745,-0.013255028985440731,0.0
2,0.6202256679534912,0.20969709753990173,-0.020630672574043274,0.0
3,0.6263087391853333,0.15759769082069397,-0.02805698662996292,0.0
4,0.6412661671638489,0.11955516785383224,-0.03318701311945915,0.0
5,0.624727189540863,0.17578762769699097,-0.007471208926290274,0.0
6,0.6201419234275818,0.13114012777805328,-0.030568649992346764,0.0
7,0.6262410879135132,0.1540411114692688,-0.044711172580718994,0.0
8,0.63019198179245,0.18909849226474762,-0.04984072223305702,0.0
9,0.647865891456604,0.17719893157482147,-0.008281178772449493,0.0
10,0.6496444344520569,0.1464555561542511,-0.03588109090924263,0.0
11,0.6498813033103943,0.1945624053478241,-0.044837210327386856,0.0
12,0.6473949551582336,0.23984591662883759,-0.043534744530916214,0.0
13,0.6699798107147217,0.18557891249656677,-0.012304878793656826,0.0
14,0.6725839376449585,0.1735338568687439,-0.03820233419537544,0.0
15,0.6667364835739136,0.22650325298309326,-0.037564538419246674,0.0
16,0.6585073471069336,0.26884162425994873,-0.02905985899269581,0.0
17,0.6891433000564575,0.19891837239265442,-0.017391597852110863,0.0
18,0.6906970143318176,0.19236406683921814,-0.034150708466768265,0.0
19,0.6833667159080505,0.23193660378456116,-0.03210456669330597,0.0
20,0.6756129860877991,0.2620832324028015,-0.025177713483572006,0.0
