Landmark,X,Y,Z,Visibility
0,0.34425225853919983,0.3583222031593323,-2.0144337042893312e-07,0.0
1,0.3236011266708374,0.336035817861557,-0.0030312640592455864,0.0
2,0.3136006295681,0.29676443338394165,-0.00545743340626359,0.0
3,0.31873998045921326,0.2633768320083618,-0.009199615567922592,0.0
4,0.3292483389377594,0.24045518040657043,-0.012044996954500675,0.0
5,0.3198186755180359,0.27626264095306396,0.0008586610201746225,0.0
6,0.31024405360221863,0.2479500025510788,-0.01100248284637928,0.0
7,0.313178151845932,0.2674342095851898,-0.018086593598127365,0.0
8,0.31755346059799194,0.28973302245140076,-0.02032369188964367,0.0
9,0.33292150497436523,0.2760705053806305,-0.0015155820874497294,0.0
10,0.3274381160736084,0.26348406076431274,-0.015606551431119442,0.0
11,0.3296242356300354,0.297110915184021,-0.019452957436442375,0.0
12,0.331538587808609,0.3237415552139282,-0.018010662868618965,0.0
13,0.34557491540908813,0.278868705034256,-0.00559249147772789,0.0
14,0.3388158679008484,0.27301546931266785,-0.018357612192630768,0.0
15,0.3392927944660187,0.30754977464675903,-0.01681479997932911,0.0
16,0.34010517597198486,0.33205270767211914,-0.01148315891623497,0.0
17,0.3576997220516205,0.28398871421813965,-0.009939538314938545,0.0
18,0.34817928075790405,0.27909383177757263,-0.016870489344000816,0.0
19,0.347147673368454,0.30423039197921753,-0.014133019372820854,0.0
20,0.3488207459449768,0.32157284021377563,-0.00942509900778532,0.0
