Landmark,X,Y,Z,Visibility
0,0.4254649877548218,0.44036802649497986,-3.523513498748798e-07,0.0
1,0.401663601398468,0.3952377140522003,-0.004601683467626572,0.0
2,0.3957405984401703,0.3339545428752899,-0.008450863882899284,0.0
3,0.4102171063423157,0.28611597418785095,-0.014444735832512379,0.0
4,0.43071866035461426,0.25491514801979065,-0.019099291414022446,0.0
5,0.41147580742836,0.29924431443214417,0.0030064270831644535,0.0
6,0.4003111720085144,0.24797512590885162,-0.01640675775706768,0.0
7,0.39788684248924255,0.27776479721069336,-0.02826819196343422,0.0
8,0.3985559940338135,0.31334051489830017,-0.03233764320611954,0.0
9,0.4307694137096405,0.3064519166946411,-0.0007769353105686605,0.0
10,0.41924673318862915,0.28214114904403687,-0.022956684231758118,0.0
11,0.41517284512519836,0.33530545234680176,-0.02891237847507,0.0
12,0.4137163460254669,0.3751189410686493,-0.02684999257326126,0.0
13,0.44879254698753357,0.3190731406211853,-0.007460929453372955,0.0
14,0.4340151846408844,0.305253803730011,-0.027567502111196518,0.0
15,0.4277389943599701,0.35963010787963867,-0.024487938731908798,0.0
16,0.4253760278224945,0.3960281312465668,-0.01584697887301445,0.0
17,0.4657538831233978,0.3356797993183136,-0.014729803428053856,0.0
18,0.44827333092689514,0.32127001881599426,-0.02607451193034649,0.0
19,0.4411509335041046,0.35853177309036255,-0.02215585485100746,0.0
20,0.4410899579524994,0.3834350109100342,-0.015106645412743092,0.0
