Landmark,X,Y,Z,Visibility
0,0.6556481719017029,0.30806615948677063,-2.0857154936493316e-07,0.0
1,0.6267063021659851,0.26881012320518494,-0.011248897761106491,0.0
2,0.615305483341217,0.20687733590602875,-0.017320897430181503,0.0
3,0.6230634450912476,0.1559867560863495,-0.023800019174814224,0.0
4,0.6365867257118225,0.11938053369522095,-0.02821134403347969,0.0
5,0.6211182475090027,0.175202414393425,-0.005723991431295872,0.0
6,0.6159295439720154,0.13043688237667084,-0.02698470652103424,0.0
7,0.6224737763404846,0.15414607524871826,-0.03973323106765747,0.0
8,0.6265739798545837,0.19043296575546265,-0.04401309788227081,0.0
9,0.6442498564720154,0.17591561377048492,-0.0070538329891860485,0.0
10,0.6438423991203308,0.14718903601169586,-0.03193722292780876,0.0
11,0.6446304321289062,0.19444109499454498,-0.03948940709233284,0.0
12,0.6427223682403564,0.23886749148368835,-0.03779838606715202,0.0
13,0.6663315892219543,0.18368001282215118,-0.011501762084662914,0.0
14,0.6658346056938171,0.17227183282375336,-0.03488475829362869,0.0
15,0.6607751250267029,0.2241058498620987,-0.0340583398938179,0.0
16,0.6537504196166992,0.26560768485069275,-0.026172224432229996,0.0
17,0.686093270778656,0.19615377485752106,-0.01687845215201378,0.0
18,0.6841084957122803,0.19067879021167755,-0.03207287937402725,0.0
19,0.6767505407333374,0.22913363575935364,-0.03008180670440197,0.0
20,0.6700341701507568,0.25863704085350037,-0.023640047758817673,0.0
