Landmark,X,Y,Z,Visibility
0,0.657893180847168,0.3110908567905426,-2.0409932233178552e-07,0.0
1,0.6294606328010559,0.27143463492393494,-0.012050115503370762,0.0
2,0.6181524395942688,0.2093638777732849,-0.01875460147857666,0.0
3,0.6261674165725708,0.15738332271575928,-0.025696488097310066,0.0
4,0.640720546245575,0.11911777406930923,-0.03047257289290428,0.0
5,0.6235404014587402,0.17702481150627136,-0.006717871408909559,0.0
6,0.6184120774269104,0.13184791803359985,-0.028823530301451683,0.0
7,0.6254298090934753,0.1571810394525528,-0.0422174297273159,0.0
8,0.6296036839485168,0.19351840019226074,-0.04686891660094261,0.0
9,0.6468837261199951,0.17771849036216736,-0.00777474557980895,0.0
10,0.6471284627914429,0.14868220686912537,-0.03354426845908165,0.0
11,0.6477442383766174,0.1969628930091858,-0.04150176793336868,0.0
12,0.645270824432373,0.24192801117897034,-0.04000774398446083,0.0
13,0.6689893007278442,0.1854092925786972,-0.011995450593531132,0.0
14,0.6693525910377502,0.17441198229789734,-0.03598278760910034,0.0
15,0.6639187932014465,0.22728818655014038,-0.035007134079933167,0.0
16,0.6561952829360962,0.26909303665161133,-0.026937399059534073,0.0
17,0.6883720755577087,0.19813841581344604,-0.01723865605890751,0.0
18,0.6877346634864807,0.19368627667427063,-0.03268931061029434,0.0
19,0.6802694201469421,0.23336955904960632,-0.0305465180426836,0.0
20,0.6729446649551392,0.26315292716026306,-0.02397010289132595,0.0
