Landmark,X,Y,Z,Visibility
0,0.6576838493347168,0.3112901449203491,-1.9764743797168194e-07,0.0
1,0.6293842196464539,0.27143585681915283,-0.012479210272431374,0.0
2,0.618739128112793,0.2091520130634308,-0.019267790019512177,0.0
3,0.6263899803161621,0.15740418434143066,-0.026350751519203186,0.0
4,0.6397608518600464,0.11906737089157104,-0.031216856092214584,0.0
5,0.6236575841903687,0.1771085262298584,-0.006242732517421246,0.0
6,0.6189871430397034,0.1319463700056076,-0.028970984742045403,0.0
7,0.625548779964447,0.15617193281650543,-0.04294261336326599,0.0
8,0.6292237043380737,0.1928381770849228,-0.04790504649281502,0.0
9,0.6469405889511108,0.17839302122592926,-0.0073460680432617664,0.0
10,0.6476638913154602,0.14844880998134613,-0.03390006348490715,0.0
11,0.6481524109840393,0.1958553045988083,-0.042472388595342636,0.0
12,0.6452380418777466,0.2411545068025589,-0.04121194779872894,0.0
13,0.6691575050354004,0.1867607682943344,-0.011764462105929852,0.0
14,0.6700129508972168,0.17456327378749847,-0.03640962392091751,0.0
15,0.6644091010093689,0.2271239310503006,-0.035607658326625824,0.0
16,0.6561927795410156,0.26905229687690735,-0.027472689747810364,0.0
17,0.6887337565422058,0.20008118450641632,-0.017268113791942596,0.0
18,0.6889212727546692,0.19430701434612274,-0.03324495255947113,0.0
19,0.681190013885498,0.233360156416893,-0.03127170354127884,0.0
20,0.673324704170227,0.2628597319126129,-0.02470715530216694,0.0
