Landmark,X,Y,Z,Visibility
0,0.6579353213310242,0.3138732314109802,-1.8597187079194555e-07,0.0
1,0.6303984522819519,0.2737853229045868,-0.01266742404550314,0.0
2,0.6196843981742859,0.21308299899101257,-0.01932632364332676,0.0
3,0.626604437828064,0.16153404116630554,-0.026172077283263206,0.0
4,0.6399022936820984,0.12283933907747269,-0.03089088946580887,0.0
5,0.624570906162262,0.1802128404378891,-0.005990216042846441,0.0
6,0.6192637085914612,0.13557924330234528,-0.0282924622297287,0.0
7,0.625115156173706,0.1569051593542099,-0.0420009009540081,0.0
8,0.628885805606842,0.19245930016040802,-0.04681285470724106,0.0
9,0.647773027420044,0.18047243356704712,-0.00663410359993577,0.0
10,0.6489250659942627,0.15313903987407684,-0.03278633579611778,0.0
11,0.6486402750015259,0.19999724626541138,-0.04114494100213051,0.0
12,0.6459472179412842,0.24465982615947723,-0.03982210159301758,0.0
13,0.6696673631668091,0.18838869035243988,-0.010582901537418365,0.0
14,0.6716019511222839,0.1798095852136612,-0.03523765504360199,0.0
15,0.6651167273521423,0.23137210309505463,-0.03461988642811775,0.0
16,0.6572007536888123,0.27287983894348145,-0.026583734899759293,0.0
17,0.6888359785079956,0.20163656771183014,-0.015619366429746151,0.0
18,0.6899095773696899,0.19922195374965668,-0.03196752816438675,0.0
19,0.6818729043006897,0.23801381886005402,-0.03041823022067547,0.0
20,0.674279510974884,0.2672542929649353,-0.02401350811123848,0.0
