Landmark,X,Y,Z,Visibility
0,0.37426328659057617,0.6899229884147644,-3.1442581871488073e-07,0.0
1,0.4070499837398529,0.6488966941833496,-0.005917749833315611,0.0
2,0.42700356245040894,0.573980450630188,-0.008132277056574821,0.0
3,0.4445647895336151,0.5231225490570068,-0.01270786952227354,0.0
4,0.46706563234329224,0.4951588213443756,-0.014784589409828186,0.0
5,0.4198230504989624,0.5371618866920471,0.002938611665740609,0.0
6,0.43201422691345215,0.4798692464828491,-0.015595213510096073,0.0
7,0.42736831307411194,0.5272600054740906,-0.024496158584952354,0.0
8,0.42143112421035767,0.5683850049972534,-0.026671256870031357,0.0
9,0.398168683052063,0.5376814603805542,-0.0006756415823474526,0.0
10,0.4098759591579437,0.48643559217453003,-0.02111450769007206,0.0
11,0.40619367361068726,0.5529183149337769,-0.024014992639422417,0.0
12,0.4019392430782318,0.5926836133003235,-0.020099716261029243,0.0
13,0.3756042420864105,0.5439293384552002,-0.007552887313067913,0.0
14,0.38903525471687317,0.5046517848968506,-0.025876613333821297,0.0
15,0.38721612095832825,0.5660184621810913,-0.019728323444724083,0.0
16,0.38227578997612,0.5970036387443542,-0.00975592341274023,0.0
17,0.3521578907966614,0.5540714263916016,-0.015220053493976593,0.0
18,0.36707159876823425,0.524778425693512,-0.02283484861254692,0.0
19,0.3680386543273926,0.5603529214859009,-0.015743929892778397,0.0
20,0.3625493347644806,0.5776501297950745,-0.007946736179292202,0.0
