Landmark,X,Y,Z,Visibility
0,0.39205726981163025,0.5424713492393494,-2.6702804234446376e-07,0.0
1,0.4351029396057129,0.507398784160614,-0.012173624709248543,0.0
2,0.4773402810096741,0.41744309663772583,-0.015664037317037582,0.0
3,0.5025566220283508,0.3517490029335022,-0.02021792158484459,0.0
4,0.5265752077102661,0.308266818523407,-0.021916978061199188,0.0
5,0.46165019273757935,0.33321037888526917,-0.004421314224600792,0.0
6,0.4838949143886566,0.2968980073928833,-0.02881569042801857,0.0
7,0.4729110896587372,0.3610072135925293,-0.04088218882679939,0.0
8,0.4612293839454651,0.4139896631240845,-0.04357254132628441,0.0
9,0.4292997419834137,0.319357305765152,-0.006745539605617523,0.0
10,0.45327192544937134,0.2978092432022095,-0.03351394832134247,0.0
11,0.444765567779541,0.37986937165260315,-0.03785359486937523,0.0
12,0.4377392828464508,0.43951594829559326,-0.03219365328550339,0.0
13,0.3948945701122284,0.31917357444763184,-0.012975926510989666,0.0
14,0.4180588722229004,0.32722005248069763,-0.0402991846203804,0.0
15,0.4147029221057892,0.41618812084198,-0.035757068544626236,0.0
16,0.41171395778656006,0.4719862639904022,-0.02344832383096218,0.0
17,0.35899630188941956,0.3306601941585541,-0.020314397290349007,0.0
18,0.38442593812942505,0.34983789920806885,-0.038598138839006424,0.0
19,0.3897210359573364,0.41939231753349304,-0.03473174199461937,0.0
20,0.3923161029815674,0.4608955681324005,-0.025274766609072685,0.0
