Landmark,X,Y,Z,Visibility
0,0.19442592561244965,0.6079025864601135,-3.36225099317744e-07,0.0
1,0.2654864490032196,0.5562024712562561,-0.03223738074302673,0.0
2,0.32489827275276184,0.4366883337497711,-0.04346673935651779,0.0
3,0.3467670679092407,0.33126139640808105,-0.052440423518419266,0.0
4,0.36972731351852417,0.25121739506721497,-0.056764040142297745,0.0
5,0.30133056640625,0.2851557731628418,-0.023730004206299782,0.0
6,0.3153972923755646,0.2717304229736328,-0.06752792000770569,0.0
7,0.30271175503730774,0.372404009103775,-0.09134337306022644,0.0
8,0.29058781266212463,0.4538279175758362,-0.09862661361694336,0.0
9,0.24836817383766174,0.2593262791633606,-0.020041845738887787,0.0
10,0.2596101760864258,0.2836412489414215,-0.06867900490760803,0.0
11,0.2523374557495117,0.40871426463127136,-0.07955603301525116,0.0
12,0.24951201677322388,0.4966306686401367,-0.07390886545181274,0.0
13,0.1950434148311615,0.2628430426120758,-0.023022498935461044,0.0
14,0.20337267220020294,0.31471484899520874,-0.06957342475652695,0.0
15,0.20564870536327362,0.4400393068790436,-0.06547059863805771,0.0
16,0.20975375175476074,0.5180631279945374,-0.04867725819349289,0.0
17,0.14045439660549164,0.2846147418022156,-0.028880026191473007,0.0
18,0.1538488119840622,0.335966557264328,-0.06032642722129822,0.0
19,0.16528764367103577,0.42983278632164,-0.05836140364408493,0.0
20,0.1755731999874115,0.47931909561157227,-0.046279314905405045,0.0
