Landmark,X,Y,Z,Visibility
0,0.8822073936462402,0.640911877155304,-4.5331449882723973e-07,0.0
1,0.8086063265800476,0.6119061708450317,-0.009965846315026283,0.0
2,0.7511595487594604,0.5541042685508728,-0.021211937069892883,0.0
3,0.7026767134666443,0.5158616304397583,-0.035813167691230774,0.0
4,0.6523930430412292,0.4988930821418762,-0.049915339797735214,0.0
5,0.7908880114555359,0.4324984848499298,0.006308529060333967,0.0
6,0.7308805584907532,0.42099037766456604,-0.014005196280777454,0.0
7,0.6911315321922302,0.40883898735046387,-0.028882429003715515,0.0
8,0.6569800972938538,0.39281970262527466,-0.04219351336359978,0.0
9,0.8215712904930115,0.4119504392147064,-0.004691659472882748,0.0
10,0.7488003969192505,0.45135217905044556,-0.031306639313697815,0.0
11,0.7696401476860046,0.5132090449333191,-0.035460762679576874,0.0
12,0.7947866320610046,0.519443154335022,-0.034599706530570984,0.0
13,0.8512647151947021,0.4203539788722992,-0.020045872777700424,0.0
14,0.781547486782074,0.48121264576911926,-0.04611683264374733,0.0
15,0.7974081039428711,0.5365387201309204,-0.036398161202669144,0.0
16,0.8193802833557129,0.5371176600456238,-0.026994822546839714,0.0
17,0.8731141686439514,0.4496857225894928,-0.03785635530948639,0.0
18,0.8155045509338379,0.5119171738624573,-0.057533420622348785,0.0
19,0.8216329216957092,0.5558870434761047,-0.05411452054977417,0.0
20,0.839492917060852,0.5586425065994263,-0.04941575974225998,0.0
