Landmark,X,Y,Z,Visibility
0,0.6894648671150208,0.41662275791168213,-3.1641462783227325e-07,0.0
1,0.6340617537498474,0.4033467471599579,0.001397517160512507,0.0
2,0.5940784215927124,0.37373560667037964,-0.007578258402645588,0.0
3,0.5615503787994385,0.356146901845932,-0.019244445487856865,0.0
4,0.5269792079925537,0.343424528837204,-0.0304533913731575,0.0
5,0.6090896725654602,0.24055694043636322,-0.0040607028640806675,0.0
6,0.5561036467552185,0.24867431819438934,-0.01942654885351658,0.0
7,0.5231167078018188,0.2565656304359436,-0.031099259853363037,0.0
8,0.49718159437179565,0.262945294380188,-0.03989500179886818,0.0
9,0.6197218894958496,0.24702757596969604,-0.014302111230790615,0.0
10,0.5658007860183716,0.32224684953689575,-0.03178103640675545,0.0
11,0.5834653973579407,0.35726040601730347,-0.03581005334854126,0.0
12,0.6013129949569702,0.35457518696784973,-0.03792298585176468,0.0
13,0.6259537935256958,0.2746691405773163,-0.02527196891605854,0.0
14,0.5789999961853027,0.36049944162368774,-0.03870212659239769,0.0
15,0.5991373658180237,0.3865259885787964,-0.031382545828819275,0.0
16,0.6147484183311462,0.3748408555984497,-0.026534592732787132,0.0
17,0.6286705732345581,0.3153301179409027,-0.037021953612565994,0.0
18,0.5942593812942505,0.38301509618759155,-0.04761316999793053,0.0
19,0.6103782057762146,0.40278300642967224,-0.04327108711004257,0.0
20,0.6251701712608337,0.390127956867218,-0.03888676315546036,0.0
