Landmark,X,Y,Z,Visibility
0,0.2558613419532776,0.6912649869918823,2.1257517346384702e-07,0.0
1,0.30853167176246643,0.6487120389938354,0.003089576493948698,0.0
2,0.3473782241344452,0.58097904920578,-0.003885193495079875,0.0
3,0.3793448805809021,0.5445232391357422,-0.01658020168542862,0.0
4,0.4088725447654724,0.5063360333442688,-0.03010396473109722,0.0
5,0.3187371790409088,0.45742562413215637,0.0002465922152623534,0.0
6,0.32499366998672485,0.3624100685119629,-0.019555039703845978,0.0
7,0.3546636998653412,0.35326260328292847,-0.03610534220933914,0.0
8,0.38061097264289856,0.3669217526912689,-0.04616987332701683,0.0
9,0.3012862205505371,0.4602297842502594,-0.01637907512485981,0.0
10,0.30683329701423645,0.3410854935646057,-0.0367259755730629,0.0
11,0.34572476148605347,0.33513087034225464,-0.05318528786301613,0.0
12,0.37346747517585754,0.3646247386932373,-0.06276298314332962,0.0
13,0.28421223163604736,0.4771535098552704,-0.03452780097723007,0.0
14,0.2921300530433655,0.36246442794799805,-0.05245907977223396,0.0
15,0.33251166343688965,0.3528028726577759,-0.0630868598818779,0.0
16,0.36240360140800476,0.3747060298919678,-0.06829576939344406,0.0
17,0.2704763114452362,0.508798360824585,-0.05289310961961746,0.0
18,0.2848449647426605,0.4265913963317871,-0.06827259063720703,0.0
19,0.31642410159111023,0.400626003742218,-0.07574538141489029,0.0
20,0.34312719106674194,0.3995659351348877,-0.07952047884464264,0.0
