Landmark,X,Y,Z,Visibility
0,0.7349062561988831,0.7402573823928833,-2.007715949048361e-07,0.0
1,0.6860089302062988,0.700952410697937,-0.0009920995216816664,0.0
2,0.6719024181365967,0.6022686958312988,0.0032939803786575794,0.0
3,0.6753421425819397,0.5351516008377075,0.0027150134555995464,0.0
4,0.6778175830841064,0.47805213928222656,0.0033366300631314516,0.0
5,0.7054782509803772,0.5337268114089966,0.030946915969252586,0.0
6,0.6953211426734924,0.4669543504714966,0.01733378693461418,0.0
7,0.6628192067146301,0.4422301650047302,0.0007822898332960904,0.0
8,0.6314153075218201,0.43740057945251465,-0.008947504684329033,0.0
9,0.7275862693786621,0.5268931984901428,0.020684873685240746,0.0
10,0.715874195098877,0.4489382207393646,0.006980185396969318,0.0
11,0.6756431460380554,0.4255197048187256,-0.009363075718283653,0.0
12,0.6377701163291931,0.42883625626564026,-0.01741221360862255,0.0
13,0.7484310865402222,0.5295377373695374,0.005972449667751789,0.0
14,0.7379768490791321,0.4431861639022827,-0.006146950181573629,0.0
15,0.6962946057319641,0.4181256592273712,-0.016938047483563423,0.0
16,0.6594582200050354,0.42002183198928833,-0.021005064249038696,0.0
17,0.7670580744743347,0.5398874282836914,-0.010270414873957634,0.0
18,0.7510773539543152,0.46316254138946533,-0.018742773681879044,0.0
19,0.7186596393585205,0.4339221715927124,-0.02313762903213501,0.0
20,0.6886727809906006,0.42834609746932983,-0.02408396452665329,0.0
