Landmark,X,Y,Z,Visibility
0,0.7364788055419922,0.7346997857093811,-3.0087886671026354e-07,0.0
1,0.6800248026847839,0.6936694383621216,0.001622288953512907,0.0
2,0.6602790355682373,0.5919743776321411,0.00742060923948884,0.0
3,0.6621561050415039,0.5195903182029724,0.006926154717803001,0.0
4,0.6658022999763489,0.4589075744152069,0.007951547391712666,0.0
5,0.6926265358924866,0.5161684155464172,0.040208108723163605,0.0
6,0.6805165410041809,0.4445227384567261,0.027717918157577515,0.0
7,0.6489618420600891,0.4243985712528229,0.01153253111988306,0.0
8,0.6196317076683044,0.42521482706069946,0.0022782268933951855,0.0
9,0.7145892381668091,0.5089097023010254,0.028470976278185844,0.0
10,0.7010915875434875,0.42321687936782837,0.014769273810088634,0.0
11,0.6595529317855835,0.4044598340988159,-0.0027632431592792273,0.0
12,0.6229128837585449,0.41546472907066345,-0.011040475219488144,0.0
13,0.7343122959136963,0.5110076069831848,0.011902937665581703,0.0
14,0.7242860794067383,0.41880932450294495,-0.0007837926968932152,0.0
15,0.6788948178291321,0.3973652422428131,-0.013378504663705826,0.0
16,0.6407737135887146,0.4035911560058594,-0.018010884523391724,0.0
17,0.7509335279464722,0.5197975635528564,-0.006033337675035,0.0
18,0.7340739965438843,0.4399570822715759,-0.01432922761887312,0.0
19,0.6984202861785889,0.408464252948761,-0.020124956965446472,0.0
20,0.666469931602478,0.40069839358329773,-0.0219988115131855,0.0
