Landmark,X,Y,Z,Visibility
0,0.7438198328018188,0.725244402885437,-2.694722240903502e-07,0.0
1,0.6899212598800659,0.6836687326431274,0.0022034230642020702,0.0
2,0.6704566478729248,0.5846050381660461,0.007867461070418358,0.0
3,0.6720941662788391,0.5138629674911499,0.007636647205799818,0.0
4,0.6689535975456238,0.45585763454437256,0.009053749963641167,0.0
5,0.700753927230835,0.5029704570770264,0.03823932632803917,0.0
6,0.690642774105072,0.43022671341896057,0.026388010010123253,0.0
7,0.6596393585205078,0.40981847047805786,0.010429357178509235,0.0
8,0.6300587058067322,0.41064053773880005,0.0009197601466439664,0.0
9,0.7226809859275818,0.4968812167644501,0.02625417336821556,0.0
10,0.7108960747718811,0.4113422632217407,0.014729514718055725,0.0
11,0.6707098484039307,0.39153212308883667,-0.001515227952040732,0.0
12,0.6351875066757202,0.4016105532646179,-0.010257096029818058,0.0
13,0.7424345016479492,0.5009049773216248,0.009642860852181911,0.0
14,0.7321709990501404,0.4087672233581543,-0.0011907556327059865,0.0
15,0.6886143684387207,0.38758936524391174,-0.012357795611023903,0.0
16,0.6526193618774414,0.3952963352203369,-0.017280427739024162,0.0
17,0.7599680423736572,0.5113469958305359,-0.008448883891105652,0.0
18,0.744592010974884,0.4289923906326294,-0.016391202807426453,0.0
19,0.7095567584037781,0.39939314126968384,-0.0215463750064373,0.0
20,0.6781258583068848,0.39514902234077454,-0.0235897284001112,0.0
