Landmark,X,Y,Z,Visibility
0,0.34133315086364746,0.7945839166641235,1.4440770357282418e-08,0.0
1,0.3832222819328308,0.6893068552017212,0.025763684883713722,0.0
2,0.3604333698749542,0.5839407444000244,0.030697844922542572,0.0
3,0.3424999415874481,0.5159225463867188,0.021937161684036255,0.0
4,0.3384803831577301,0.4532508850097656,0.012032979167997837,0.0
5,0.2756023406982422,0.5278130173683167,0.02633301168680191,0.0
6,0.2863825559616089,0.4103838801383972,-0.005200006999075413,0.0
7,0.34952038526535034,0.3811113238334656,-0.03173460066318512,0.0
8,0.4023439586162567,0.3831663727760315,-0.04642103984951973,0.0
9,0.2597707509994507,0.5422177314758301,-0.006915316917002201,0.0
10,0.2771230936050415,0.40010398626327515,-0.04280366376042366,0.0
11,0.35589760541915894,0.36544322967529297,-0.06820211559534073,0.0
12,0.4139593243598938,0.3788919746875763,-0.07957496494054794,0.0
13,0.2551470100879669,0.5632508993148804,-0.04185860976576805,0.0
14,0.27228596806526184,0.4171040952205658,-0.07453388720750809,0.0
15,0.35090315341949463,0.38318169116973877,-0.08844251930713654,0.0
16,0.4052431583404541,0.3963567316532135,-0.0907495841383934,0.0
17,0.2639586627483368,0.5901422500610352,-0.07539911568164825,0.0
18,0.27852335572242737,0.4697965681552887,-0.09993543475866318,0.0
19,0.32998478412628174,0.42816150188446045,-0.10650408267974854,0.0
20,0.3748682737350464,0.4255963861942291,-0.10688387602567673,0.0
