Landmark,X,Y,Z,Visibility
0,0.7675017714500427,0.7351865172386169,-3.500514651477715e-07,0.0
1,0.7085986733436584,0.6787706613540649,0.004210214596241713,0.0
2,0.6888361573219299,0.578316330909729,0.00995957013219595,0.0
3,0.68778395652771,0.5070118308067322,0.008205018006265163,0.0
4,0.6817482709884644,0.4465896487236023,0.007837565615773201,0.0
5,0.7188668251037598,0.49897369742393494,0.04572195187211037,0.0
6,0.7069838643074036,0.4262913763523102,0.031122960150241852,0.0
7,0.6742682456970215,0.4045187532901764,0.012444127351045609,0.0
8,0.6408678889274597,0.3992422819137573,0.001419569132849574,0.0
9,0.7421448826789856,0.49194014072418213,0.030954446643590927,0.0
10,0.7302486300468445,0.403482586145401,0.01478087529540062,0.0
11,0.6881985068321228,0.3848087191581726,-0.004273104947060347,0.0
12,0.6483513712882996,0.39291447401046753,-0.0132575249299407,0.0
13,0.7638140320777893,0.4955291152000427,0.011050769127905369,0.0
14,0.755899965763092,0.3995157480239868,-0.003248342080041766,0.0
15,0.7111656665802002,0.3787813186645508,-0.015029167756438255,0.0
16,0.6714133620262146,0.3846935033798218,-0.01877138763666153,0.0
17,0.783652126789093,0.5067023634910583,-0.010347931645810604,0.0
18,0.7671073079109192,0.4230865240097046,-0.018316173925995827,0.0
19,0.733778178691864,0.3919740915298462,-0.022199688479304314,0.0
20,0.7024514079093933,0.3833445608615875,-0.02270214818418026,0.0
