Landmark,X,Y,Z,Visibility
0,0.3282861113548279,0.7615499496459961,6.603971058893876e-08,0.0
1,0.3658980131149292,0.666961669921875,0.020131617784500122,0.0
2,0.3432134985923767,0.5641559958457947,0.024165788665413857,0.0
3,0.3233104944229126,0.49492278695106506,0.015607967041432858,0.0
4,0.31434112787246704,0.42803481221199036,0.006527350749820471,0.0
5,0.2710178792476654,0.5015684962272644,0.026799684390425682,0.0
6,0.2714185416698456,0.3825637400150299,-0.004697444383054972,0.0
7,0.3311117887496948,0.35460177063941956,-0.030667467042803764,0.0
8,0.3810909390449524,0.3571348488330841,-0.0443454273045063,0.0
9,0.25305691361427307,0.5130307078361511,-0.002733091590926051,0.0
10,0.25625425577163696,0.37032538652420044,-0.039285268634557724,0.0
11,0.3300592303276062,0.3384495973587036,-0.06417373567819595,0.0
12,0.3871115446090698,0.3521924614906311,-0.07380425184965134,0.0
13,0.24349644780158997,0.5324349999427795,-0.03507841005921364,0.0
14,0.25238916277885437,0.38789501786231995,-0.06725511699914932,0.0
15,0.3274264633655548,0.35382553935050964,-0.08180011063814163,0.0
16,0.3819639980792999,0.3619561791419983,-0.08392748981714249,0.0
17,0.24669025838375092,0.5588766932487488,-0.06667274236679077,0.0
18,0.25558945536613464,0.4377618730068207,-0.09158769994974136,0.0
19,0.30639001727104187,0.3969106674194336,-0.09958596527576447,0.0
20,0.3526897430419922,0.39315760135650635,-0.10052935034036636,0.0
