Landmark,X,Y,Z,Visibility
0,0.3815414011478424,0.43707436323165894,3.2070590805233223e-07,0.0
1,0.3897779583930969,0.3944852352142334,-0.017786327749490738,0.0
2,0.38266539573669434,0.33981141448020935,-0.024442587047815323,0.0
3,0.358347624540329,0.3115415573120117,-0.030204059556126595,0.0
4,0.3318564295768738,0.29923737049102783,-0.03474803268909454,0.0
5,0.3702051639556885,0.27495038509368896,-0.011440671049058437,0.0
6,0.3666837215423584,0.20660662651062012,-0.02280164696276188,0.0
7,0.3617369532585144,0.16720974445343018,-0.029791545122861862,0.0
8,0.35559940338134766,0.13421441614627838,-0.033624254167079926,0.0
9,0.35064971446990967,0.2864021062850952,-0.01189151406288147,0.0
10,0.33385998010635376,0.21502727270126343,-0.02489890344440937,0.0
11,0.32449424266815186,0.1742628663778305,-0.032622143626213074,0.0
12,0.31606560945510864,0.1396654099225998,-0.03549135848879814,0.0
13,0.33705779910087585,0.31446516513824463,-0.014493579044938087,0.0
14,0.32638514041900635,0.29352131485939026,-0.03537680208683014,0.0
15,0.34126344323158264,0.32572272419929504,-0.03833771124482155,0.0
16,0.3503495454788208,0.3466767966747284,-0.033385131508111954,0.0
17,0.3274358808994293,0.3497483432292938,-0.018294891342520714,0.0
18,0.31497466564178467,0.32457464933395386,-0.033398739993572235,0.0
19,0.3278791606426239,0.342851459980011,-0.030826503410935402,0.0
20,0.33823803067207336,0.3588417172431946,-0.02467280812561512,0.0
