Landmark,X,Y,Z,Visibility
0,0.813172459602356,0.8076213002204895,5.457030169964128e-07,0.0
1,0.7691338062286377,0.7603272795677185,-0.016557423397898674,0.0
2,0.748420000076294,0.6721118092536926,-0.025292767211794853,0.0
3,0.7805632948875427,0.6082937717437744,-0.03656182065606117,0.0
4,0.820184051990509,0.577018141746521,-0.04720063507556915,0.0
5,0.7614965438842773,0.5645837187767029,-0.01589423231780529,0.0
6,0.744644045829773,0.46618786454200745,-0.037152938544750214,0.0
7,0.737534761428833,0.4074467420578003,-0.04778477922081947,0.0
8,0.7340928912162781,0.35874122381210327,-0.053984835743904114,0.0
9,0.8076932430267334,0.573383092880249,-0.02743806131184101,0.0
10,0.8275380730628967,0.4560795724391937,-0.05080040171742439,0.0
11,0.8363921642303467,0.38776102662086487,-0.06436242908239365,0.0
12,0.8498778343200684,0.32916057109832764,-0.06915676593780518,0.0
13,0.8469417095184326,0.6127283573150635,-0.04138164594769478,0.0
14,0.8470360040664673,0.5743746757507324,-0.07744909077882767,0.0
15,0.8156694769859314,0.6349575519561768,-0.07973936200141907,0.0
16,0.8059600591659546,0.6703097224235535,-0.06972214579582214,0.0
17,0.8749116063117981,0.6675281524658203,-0.05617368221282959,0.0
18,0.8517653942108154,0.6480848789215088,-0.08304978907108307,0.0
19,0.8227325081825256,0.6905066967010498,-0.07762867212295532,0.0
20,0.8147978186607361,0.715569257736206,-0.06657271087169647,0.0
