Landmark,X,Y,Z,Visibility
0,0.388649582862854,0.4292975664138794,3.175997278503928e-07,0.0
1,0.39786916971206665,0.38719362020492554,-0.018070710822939873,0.0
2,0.39128735661506653,0.3329138457775116,-0.024152807891368866,0.0
3,0.36662453413009644,0.3068670332431793,-0.02919086255133152,0.0
4,0.34074413776397705,0.29349908232688904,-0.03283880278468132,0.0
5,0.3811056911945343,0.26657089591026306,-0.009661059826612473,0.0
6,0.3794039487838745,0.20081381499767303,-0.020542163401842117,0.0
7,0.37683814764022827,0.16199110448360443,-0.02720305137336254,0.0
8,0.3731982409954071,0.12937521934509277,-0.030773844569921494,0.0
9,0.3616694211959839,0.2771851718425751,-0.010053646750748158,0.0
10,0.34545964002609253,0.20764684677124023,-0.02252838760614395,0.0
11,0.33687347173690796,0.16822144389152527,-0.030053960159420967,0.0
12,0.32909223437309265,0.13448120653629303,-0.03264899179339409,0.0
13,0.3476273715496063,0.30459916591644287,-0.01294341217726469,0.0
14,0.33784162998199463,0.2858617901802063,-0.03454010561108589,0.0
15,0.3521176278591156,0.31911101937294006,-0.038684915751218796,0.0
16,0.36002716422080994,0.33805492520332336,-0.03427153453230858,0.0
17,0.3371603786945343,0.3392189145088196,-0.017007039859890938,0.0
18,0.3267846405506134,0.3153596818447113,-0.03312818706035614,0.0
19,0.33962395787239075,0.3352877199649811,-0.03164064139127731,0.0
20,0.34886640310287476,0.35080426931381226,-0.02612655982375145,0.0
