Landmark,X,Y,Z,Visibility
0,0.8050868511199951,0.7992030382156372,5.643984195558005e-07,0.0
1,0.7621973752975464,0.7547929883003235,-0.015616648830473423,0.0
2,0.7401201725006104,0.6659708619117737,-0.02399914711713791,0.0
3,0.7697476744651794,0.6057326197624207,-0.03484062850475311,0.0
4,0.80848228931427,0.5776227712631226,-0.04516962170600891,0.0
5,0.7592368721961975,0.5676560997962952,-0.014775104820728302,0.0
6,0.7439264059066772,0.4740694761276245,-0.03693580627441406,0.0
7,0.7363425493240356,0.4160352349281311,-0.04853568598628044,0.0
8,0.7329769134521484,0.3672155439853668,-0.05550030991435051,0.0
9,0.8043619990348816,0.5750573873519897,-0.026916759088635445,0.0
10,0.8199779391288757,0.46346011757850647,-0.05103277042508125,0.0
11,0.8259221911430359,0.39734071493148804,-0.06521854549646378,0.0
12,0.8388058543205261,0.3371797204017639,-0.07008154690265656,0.0
13,0.8429926633834839,0.6123492121696472,-0.04142097383737564,0.0
14,0.8343678116798401,0.5747520327568054,-0.0766003206372261,0.0
15,0.8048135042190552,0.6351310610771179,-0.07725873589515686,0.0
16,0.8008019924163818,0.6678875088691711,-0.06614408642053604,0.0
17,0.8703403472900391,0.665155827999115,-0.05701672285795212,0.0
18,0.8400535583496094,0.6458684206008911,-0.08356142789125443,0.0
19,0.8133295178413391,0.6900023818016052,-0.07705743610858917,0.0
20,0.8116980791091919,0.7148720026016235,-0.06489595025777817,0.0
