Landmark,X,Y,Z,Visibility
0,0.4800758361816406,0.5256147980690002,3.4956136119035364e-07,0.0
1,0.4596825838088989,0.483500212430954,0.0065650297328829765,0.0
2,0.4308664798736572,0.4754995107650757,0.005727407056838274,0.0
3,0.4105505645275116,0.49992117285728455,0.004122491925954819,0.0
4,0.4006779193878174,0.5275087356567383,0.0018952592508867383,0.0
5,0.41829797625541687,0.4823463261127472,-0.014134121127426624,0.0
6,0.3753822445869446,0.4916286766529083,-0.020041298121213913,0.0
7,0.3498033881187439,0.49726244807243347,-0.02083701267838478,0.0
8,0.3309406340122223,0.4999599754810333,-0.020219814032316208,0.0
9,0.4187372028827667,0.5215966105461121,-0.018885651603341103,0.0
10,0.37138816714286804,0.5241284966468811,-0.02683723159134388,0.0
11,0.3431137502193451,0.5261507630348206,-0.028979355469346046,0.0
12,0.3231782019138336,0.5284706354141235,-0.029239472001791,0.0
13,0.4241827428340912,0.5622044205665588,-0.020463963970541954,0.0
14,0.3869740664958954,0.5827659964561462,-0.023791685700416565,0.0
15,0.3986850380897522,0.5755326747894287,-0.01475488767027855,0.0
16,0.41147947311401367,0.5670523047447205,-0.0062170205637812614,0.0
17,0.4350650906562805,0.5968376994132996,-0.021132254973053932,0.0
18,0.40664881467819214,0.6058173179626465,-0.019842205569148064,0.0
19,0.4163857698440552,0.5934500694274902,-0.009051259607076645,0.0
20,0.4272092282772064,0.5846081972122192,0.000724070065189153,0.0
