Landmark,X,Y,Z,Visibility
0,0.5064066648483276,0.49566781520843506,2.1700067520669108e-07,0.0
1,0.4729112982749939,0.44152894616127014,0.015642916783690453,0.0
2,0.44071510434150696,0.42910659313201904,0.019703654572367668,0.0
3,0.42032915353775024,0.44423213601112366,0.020110491663217545,0.0
4,0.4106825292110443,0.47233593463897705,0.01895790733397007,0.0
5,0.41971340775489807,0.4274313449859619,0.003135588951408863,0.0
6,0.3763215243816376,0.43037816882133484,0.0016556873451918364,0.0
7,0.35195982456207275,0.43288755416870117,0.0009447974734939635,0.0
8,0.33225029706954956,0.43448561429977417,0.0006811371422372758,0.0
9,0.41678285598754883,0.46683329343795776,-0.0065976581536233425,0.0
10,0.36762601137161255,0.4637322723865509,-0.006755183916538954,0.0
11,0.3398641049861908,0.459435373544693,-0.00672430032864213,0.0
12,0.31962835788726807,0.4559941291809082,-0.007501599844545126,0.0
13,0.41999900341033936,0.5092575550079346,-0.013760726898908615,0.0
14,0.3784604072570801,0.5127992630004883,-0.010995736345648766,0.0
15,0.3926522135734558,0.5063466429710388,-0.003113177604973316,0.0
16,0.4070613980293274,0.5024985074996948,0.002093628980219364,0.0
17,0.4281975030899048,0.5445907711982727,-0.01980755105614662,0.0
18,0.3962007164955139,0.5442829728126526,-0.014233450405299664,0.0
19,0.4069635272026062,0.5343177318572998,-0.003019514959305525,0.0
20,0.41877031326293945,0.5286311507225037,0.005350341554731131,0.0
