Landmark,X,Y,Z,Visibility
0,0.48702120780944824,0.7035315632820129,4.077999165019719e-07,0.0
1,0.4676734507083893,0.6466863751411438,5.9850372053915635e-05,0.0
2,0.43178606033325195,0.6392500400543213,-0.002000759821385145,0.0
3,0.41009050607681274,0.6781160235404968,-0.004084491636604071,0.0
4,0.40187010169029236,0.7161799669265747,-0.006916324608027935,0.0
5,0.4147840440273285,0.6329461336135864,-0.015714768320322037,0.0
6,0.36711445450782776,0.6368687748908997,-0.02362833358347416,0.0
7,0.33855369687080383,0.6393440365791321,-0.026568612083792686,0.0
8,0.3165152370929718,0.6436024904251099,-0.027289969846606255,0.0
9,0.41182732582092285,0.6760672330856323,-0.018713444471359253,0.0
10,0.3611820638179779,0.673224925994873,-0.02579188160598278,0.0
11,0.32921192049980164,0.671929657459259,-0.029068313539028168,0.0
12,0.3051189184188843,0.6737368106842041,-0.030042245984077454,0.0
13,0.415077805519104,0.7194648385047913,-0.019739387556910515,0.0
14,0.38295525312423706,0.7346168160438538,-0.024527668952941895,0.0
15,0.39884239435195923,0.729042112827301,-0.019228676334023476,0.0
16,0.4123554825782776,0.7240785956382751,-0.012862843461334705,0.0
17,0.4236796796321869,0.7567830681800842,-0.02057245746254921,0.0
18,0.4050186574459076,0.7551372647285461,-0.021617142483592033,0.0
19,0.41938742995262146,0.7467441558837891,-0.01371231023222208,0.0
20,0.4300692081451416,0.7426748275756836,-0.005811064969748259,0.0
