Landmark,X,Y,Z,Visibility
0,0.48988980054855347,0.48600560426712036,2.053168941529293e-07,0.0
1,0.45267751812934875,0.4357471168041229,0.015900496393442154,0.0
2,0.41631844639778137,0.4358549416065216,0.020678026601672173,0.0
3,0.39628100395202637,0.45923665165901184,0.02210109867155552,0.0
4,0.38763630390167236,0.49136266112327576,0.022089364007115364,0.0
5,0.39239951968193054,0.43941745162010193,0.0038451463915407658,0.0
6,0.34526893496513367,0.44913870096206665,0.0030485016759485006,0.0
7,0.3205117881298065,0.4550260305404663,0.0031507175881415606,0.0
8,0.30023065209388733,0.4599163234233856,0.003719382220879197,0.0
9,0.39024266600608826,0.48330309987068176,-0.004354027099907398,0.0
10,0.33688655495643616,0.4889957010746002,-0.0023689812514930964,0.0
11,0.31054261326789856,0.4863138496875763,-0.0001468365080654621,0.0
12,0.29181280732154846,0.48492124676704407,0.0007729504723101854,0.0
13,0.3957288861274719,0.5264974236488342,-0.010042527690529823,0.0
14,0.3545321524143219,0.5391959547996521,-0.005333194509148598,0.0
15,0.36681652069091797,0.5278838276863098,0.0019645593129098415,0.0
16,0.38201016187667847,0.5207522511482239,0.00668411934748292,0.0
17,0.406246542930603,0.5620843172073364,-0.014566011726856232,0.0
18,0.3764708638191223,0.5645564198493958,-0.007085332181304693,0.0
19,0.38435596227645874,0.5520401000976562,0.0033668293617665768,0.0
20,0.3953074514865875,0.5438868999481201,0.011025684885680676,0.0
