Landmark,X,Y,Z,Visibility
0,0.5208277702331543,0.44879284501075745,1.5130288488762744e-07,0.0
1,0.4801763892173767,0.39774662256240845,0.017584841698408127,0.0
2,0.4422862231731415,0.3981921374797821,0.026120638474822044,0.0
3,0.4161655306816101,0.4239155948162079,0.030257748439908028,0.0
4,0.4009425938129425,0.4528388977050781,0.033308904618024826,0.0
5,0.41895654797554016,0.3901502192020416,0.01764487661421299,0.0
6,0.37267324328422546,0.40356317162513733,0.019422272220253944,0.0
7,0.34768491983413696,0.4116741716861725,0.01953880861401558,0.0
8,0.3266746997833252,0.4186195135116577,0.01962730847299099,0.0
9,0.41711553931236267,0.43205225467681885,0.008528812788426876,0.0
10,0.36531224846839905,0.43997129797935486,0.011216988787055016,0.0
11,0.3380654752254486,0.4401044547557831,0.011589803732931614,0.0
12,0.31689369678497314,0.44089651107788086,0.011327410116791725,0.0
13,0.4217333197593689,0.47495102882385254,0.0009841916617006063,0.0
14,0.3790202736854553,0.4925466477870941,0.0031859821174293756,0.0
15,0.39515915513038635,0.48199620842933655,0.008967356756329536,0.0
16,0.4109176993370056,0.4733920395374298,0.013545808382332325,0.0
17,0.4313901662826538,0.5123006701469421,-0.005235893651843071,0.0
18,0.3985210657119751,0.5180111527442932,-0.0004007269744761288,0.0
19,0.4105208218097687,0.5061978697776794,0.009141847491264343,0.0
20,0.42279332876205444,0.49739399552345276,0.016586195677518845,0.0
