Landmark,X,Y,Z,Visibility
0,0.4581495225429535,0.5983964204788208,2.649810539878672e-07,0.0
1,0.4220937192440033,0.5417046546936035,0.009306042455136776,0.0
2,0.38509681820869446,0.5312772989273071,0.01158392708748579,0.0
3,0.36044132709503174,0.5507060289382935,0.01139894314110279,0.0
4,0.3472902178764343,0.5815891623497009,0.009884124621748924,0.0
5,0.36456388235092163,0.5329503417015076,-0.003971339203417301,0.0
6,0.3175358772277832,0.541746199131012,-0.00804765522480011,0.0
7,0.29084378480911255,0.5477343797683716,-0.009466777555644512,0.0
8,0.2691771984100342,0.5535461902618408,-0.009456003084778786,0.0
9,0.3593802750110626,0.5826044678688049,-0.01085634808987379,0.0
10,0.30898603796958923,0.5850387215614319,-0.013050675392150879,0.0
11,0.2775138020515442,0.5860695242881775,-0.01307048462331295,0.0
12,0.25405624508857727,0.5880730748176575,-0.0128474161028862,0.0
13,0.362024188041687,0.6328951120376587,-0.015801165252923965,0.0
14,0.32567787170410156,0.6446343660354614,-0.01526399701833725,0.0
15,0.3366265892982483,0.634728729724884,-0.010039759799838066,0.0
16,0.3518674075603485,0.6273369193077087,-0.005493656266480684,0.0
17,0.3701874017715454,0.6766550540924072,-0.020006492733955383,0.0
18,0.3424946367740631,0.6788181066513062,-0.015283342450857162,0.0
19,0.35080263018608093,0.6673480272293091,-0.005596721079200506,0.0
20,0.3632987141609192,0.660970151424408,0.0023163682781159878,0.0
