Landmark,X,Y,Z,Visibility
0,0.5004502534866333,0.7101413011550903,3.550864562384959e-07,0.0
1,0.47785186767578125,0.6491368412971497,0.0051039839163422585,0.0
2,0.44321444630622864,0.6397643089294434,0.007456665392965078,0.0
3,0.4201684594154358,0.6658764481544495,0.008632027544081211,0.0
4,0.4096164405345917,0.6986424326896667,0.008863948285579681,0.0
5,0.4137668013572693,0.6441351175308228,-0.002988430205732584,0.0
6,0.36851826310157776,0.6357296705245972,-0.004264163319021463,0.0
7,0.3408142626285553,0.633773684501648,-0.005683348514139652,0.0
8,0.31894755363464355,0.634576141834259,-0.006184318568557501,0.0
9,0.40790119767189026,0.6884583830833435,-0.005885448772460222,0.0
10,0.3632495105266571,0.6782123446464539,-0.001841409015469253,0.0
11,0.33533790707588196,0.6677922010421753,-0.0012582193594425917,0.0
12,0.314240425825119,0.6620583534240723,-0.001203987398184836,0.0
13,0.41226616501808167,0.7301042675971985,-0.007146224845200777,0.0
14,0.39192888140678406,0.72505122423172,-0.001612332765944302,0.0
15,0.4063132107257843,0.716658890247345,0.0013718210393562913,0.0
16,0.4199758768081665,0.715945303440094,0.003723758039996028,0.0
17,0.42367005348205566,0.7661106586456299,-0.008257273584604263,0.0
18,0.4168287515640259,0.7519965767860413,-0.0024344632402062416,0.0
19,0.4273986518383026,0.7406349182128906,0.003256590338423848,0.0
20,0.43654948472976685,0.735600471496582,0.008192474953830242,0.0
