Landmark,X,Y,Z,Visibility
0,0.4925093650817871,0.49197322130203247,2.9019710723332537e-07,0.0
1,0.46095842123031616,0.44941046833992004,0.010973005555570126,0.0
2,0.43445688486099243,0.44346433877944946,0.012392180040478706,0.0
3,0.4187285006046295,0.4600942134857178,0.010819630697369576,0.0
4,0.4122046232223511,0.48571351170539856,0.00799719151109457,0.0
5,0.4168902039527893,0.4476778209209442,-0.0025950793642550707,0.0
6,0.37778404355049133,0.4576684236526489,-0.007001906167715788,0.0
7,0.3553451895713806,0.46350008249282837,-0.008680962957441807,0.0
8,0.3379090428352356,0.46974295377731323,-0.008705800399184227,0.0
9,0.41529566049575806,0.4855300784111023,-0.010302337817847729,0.0
10,0.370403915643692,0.4879482686519623,-0.01344511192291975,0.0
11,0.34358006715774536,0.49080267548561096,-0.013713153079152107,0.0
12,0.32488152384757996,0.49494144320487976,-0.01312798447906971,0.0
13,0.42011117935180664,0.5236681699752808,-0.01586126908659935,0.0
14,0.3904048204421997,0.5361757278442383,-0.015548075549304485,0.0
15,0.4008680582046509,0.5282467603683472,-0.008856868371367455,0.0
16,0.41286370158195496,0.521991491317749,-0.002968476852402091,0.0
17,0.4294135868549347,0.5553205609321594,-0.020682115107774734,0.0
18,0.4068605303764343,0.5596663355827332,-0.01614338532090187,0.0
19,0.4149291515350342,0.5499846339225769,-0.0057233418338000774,0.0
20,0.42508432269096375,0.543231189250946,0.0029364340007305145,0.0
