Landmark,X,Y,Z,Visibility
0,0.3811413645744324,0.4386405944824219,4.1585738586036314e-07,0.0
1,0.41702449321746826,0.36835694313049316,0.00015549393719993532,0.0
2,0.4649972915649414,0.35696089267730713,-0.006790441926568747,0.0
3,0.5051397085189819,0.3884332478046417,-0.014116079546511173,0.0
4,0.5317317843437195,0.4192844331264496,-0.02045373246073723,0.0
5,0.4791463017463684,0.3346441388130188,-0.023073704913258553,0.0
6,0.5422637462615967,0.3302912414073944,-0.03465847671031952,0.0
7,0.5785828232765198,0.33049947023391724,-0.03914638236165047,0.0
8,0.6073642373085022,0.33092501759529114,-0.040623292326927185,0.0
9,0.48178794980049133,0.3891543745994568,-0.02995377592742443,0.0
10,0.546966552734375,0.38318967819213867,-0.0395570769906044,0.0
11,0.5853165984153748,0.3790115416049957,-0.043105125427246094,0.0
12,0.6142573356628418,0.376363068819046,-0.045178625732660294,0.0
13,0.4791271984577179,0.4451119005680084,-0.0346301905810833,0.0
14,0.5142797231674194,0.4392905533313751,-0.04208170622587204,0.0
15,0.4973803460597992,0.4297700524330139,-0.035412903875112534,0.0
16,0.4780952036380768,0.4232591986656189,-0.028295129537582397,0.0
17,0.47286099195480347,0.49213892221450806,-0.039411358535289764,0.0
18,0.4920192062854767,0.4717090427875519,-0.03928953781723976,0.0
19,0.47919780015945435,0.45990607142448425,-0.028501247987151146,0.0
20,0.46579647064208984,0.45778945088386536,-0.019085707142949104,0.0
