Landmark,X,Y,Z,Visibility
0,0.39082783460617065,0.4547285735607147,3.99873812284568e-07,0.0
1,0.4252871572971344,0.38232332468032837,-0.0003170057025272399,0.0
2,0.473296582698822,0.3698035478591919,-0.006105874199420214,0.0
3,0.5122328400611877,0.39966389536857605,-0.012242506258189678,0.0
4,0.537385880947113,0.4297332167625427,-0.01754443347454071,0.0
5,0.49006450176239014,0.3481643497943878,-0.0218800101429224,0.0
6,0.5538778305053711,0.3401167094707489,-0.033127762377262115,0.0
7,0.5906878709793091,0.3396918773651123,-0.03711109980940819,0.0
8,0.619407057762146,0.340269535779953,-0.037875715643167496,0.0
9,0.4941742420196533,0.4053362309932709,-0.02746252715587616,0.0
10,0.5587767958641052,0.39443448185920715,-0.03604039177298546,0.0
11,0.5970584750175476,0.3893362581729889,-0.03901993855834007,0.0
12,0.6256538033485413,0.3863697350025177,-0.04050763323903084,0.0
13,0.4923110902309418,0.4619992971420288,-0.03114490956068039,0.0
14,0.5232698917388916,0.4479762315750122,-0.038027819246053696,0.0
15,0.5074057579040527,0.43686220049858093,-0.03346740081906319,0.0
16,0.48891040682792664,0.43097177147865295,-0.02756623737514019,0.0
17,0.4865841865539551,0.5071219205856323,-0.034867629408836365,0.0
18,0.5014709234237671,0.4783886969089508,-0.03422536328434944,0.0
19,0.4897167384624481,0.46382519602775574,-0.025265134871006012,0.0
20,0.47729453444480896,0.46058884263038635,-0.0171156395226717,0.0
