Landmark,X,Y,Z,Visibility
0,0.3909103274345398,0.46098223328590393,3.9681941643721075e-07,0.0
1,0.4249236285686493,0.38739868998527527,-0.0014046531869098544,0.0
2,0.47334739565849304,0.3740844428539276,-0.008310501463711262,0.0
3,0.5130135416984558,0.40411752462387085,-0.014935413375496864,0.0
4,0.5381731390953064,0.4346471428871155,-0.02062489092350006,0.0
5,0.4886041283607483,0.35548296570777893,-0.026895148679614067,0.0
6,0.5532219409942627,0.34533584117889404,-0.03890521451830864,0.0
7,0.5900412201881409,0.344714879989624,-0.04315156862139702,0.0
8,0.6188138127326965,0.34554627537727356,-0.044124264270067215,0.0
9,0.4927857518196106,0.41358035802841187,-0.03171723335981369,0.0
10,0.5580546855926514,0.40182843804359436,-0.040874503552913666,0.0
11,0.5968644022941589,0.39604640007019043,-0.043639298528432846,0.0
12,0.6255930066108704,0.3929253816604614,-0.045264314860105515,0.0
13,0.49158975481987,0.4704117178916931,-0.03435512259602547,0.0
14,0.5238450765609741,0.4549289643764496,-0.04063327610492706,0.0
15,0.5090309977531433,0.44176268577575684,-0.035430386662483215,0.0
16,0.4904298782348633,0.43473559617996216,-0.029634792357683182,0.0
17,0.4868634045124054,0.5148661136627197,-0.03716707229614258,0.0
18,0.501598596572876,0.48562905192375183,-0.03622660040855408,0.0
19,0.4900810420513153,0.46923625469207764,-0.027392202988266945,0.0
20,0.477501779794693,0.46501466631889343,-0.019608810544013977,0.0
