Landmark,X,Y,Z,Visibility
0,0.4235095977783203,0.42692455649375916,3.378947326382331e-07,0.0
1,0.4533214867115021,0.36274635791778564,0.0018267508130520582,0.0
2,0.49604812264442444,0.35223862528800964,-0.003438499290496111,0.0
3,0.5320165157318115,0.3772812783718109,-0.00889220554381609,0.0
4,0.5563452243804932,0.39922162890434265,-0.0137328514829278,0.0
5,0.5108764171600342,0.32800671458244324,-0.023440495133399963,0.0
6,0.5692299008369446,0.31496351957321167,-0.03405702859163284,0.0
7,0.6019777059555054,0.31323400139808655,-0.03713948652148247,0.0
8,0.6275221109390259,0.31302037835121155,-0.03718190640211105,0.0
9,0.5158545970916748,0.3767229914665222,-0.029061732813715935,0.0
10,0.575559675693512,0.36203891038894653,-0.03556281328201294,0.0
11,0.6087827086448669,0.3579317033290863,-0.036925528198480606,0.0
12,0.6336902976036072,0.3566455543041229,-0.03755135089159012,0.0
13,0.515699565410614,0.42754805088043213,-0.0322418250143528,0.0
14,0.5428595542907715,0.42350903153419495,-0.03485695645213127,0.0
15,0.5279564261436462,0.41569599509239197,-0.028362063691020012,0.0
16,0.5122144222259521,0.4098553955554962,-0.022582456469535828,0.0
17,0.5108889937400818,0.47013235092163086,-0.0354829765856266,0.0
18,0.519095778465271,0.45318764448165894,-0.030942274257540703,0.0
19,0.5075792074203491,0.44191908836364746,-0.021023636683821678,0.0
20,0.49771353602409363,0.43792039155960083,-0.013048621825873852,0.0
