Landmark,X,Y,Z,Visibility
0,0.3438948094844818,0.5754498839378357,2.1178661313570046e-07,0.0
1,0.37328487634658813,0.49055027961730957,0.000593640492297709,0.0
2,0.38173604011535645,0.40494319796562195,0.0004210933984722942,0.0
3,0.3923800587654114,0.33957019448280334,-0.005801456514745951,0.0
4,0.3950576186180115,0.27106866240501404,-0.012054000981152058,0.0
5,0.3364250361919403,0.3507540822029114,0.0308929905295372,0.0
6,0.3342747390270233,0.28002551198005676,0.01770445518195629,0.0
7,0.35706084966659546,0.25805845856666565,0.0007915919995866716,0.0
8,0.3774462044239044,0.2582492232322693,-0.009395187720656395,0.0
9,0.3222542405128479,0.3538323938846588,0.019675198942422867,0.0
10,0.31853047013282776,0.26722174882888794,0.004438623320311308,0.0
11,0.34543851017951965,0.2449430376291275,-0.015804473310709,0.0
12,0.370994508266449,0.25869467854499817,-0.027766089886426926,0.0
13,0.30648088455200195,0.36441129446029663,0.004632995929569006,0.0
14,0.30145707726478577,0.27515608072280884,-0.008875234983861446,0.0
15,0.3294215202331543,0.24882946908473969,-0.02292972058057785,0.0
16,0.3569767475128174,0.25732165575027466,-0.030019665136933327,0.0
17,0.2923773229122162,0.38286158442497253,-0.011446251533925533,0.0
18,0.2914773225784302,0.3039618134498596,-0.021800752729177475,0.0
19,0.31273627281188965,0.268705815076828,-0.02875523641705513,0.0
20,0.33756256103515625,0.26189735531806946,-0.03232712671160698,0.0
