Landmark,X,Y,Z,Visibility
0,0.586803674697876,0.44316667318344116,-3.276739732882561e-07,0.0
1,0.5555536150932312,0.38278162479400635,0.010285697877407074,0.0
2,0.543131411075592,0.32540926337242126,0.010309180244803429,0.0
3,0.5320209264755249,0.27961429953575134,0.00366163975559175,0.0
4,0.5255407094955444,0.23553338646888733,-0.002497647190466523,0.0
5,0.5967969298362732,0.2831779718399048,0.02480361983180046,0.0
6,0.5860528349876404,0.21562734246253967,0.01434382889419794,0.0
7,0.5592515468597412,0.20359480381011963,0.004201212432235479,0.0
8,0.5411447286605835,0.21731342375278473,-0.0009268141002394259,0.0
9,0.6075337529182434,0.2846601605415344,0.010977721773087978,0.0
10,0.5916544198989868,0.19778494536876678,0.001986395101994276,0.0
11,0.5578271746635437,0.19065378606319427,-0.005850240122526884,0.0
12,0.5386274456977844,0.2116176337003708,-0.009525744244456291,0.0
13,0.6106269955635071,0.28997716307640076,-0.005073311273008585,0.0
14,0.5974550247192383,0.2014703005552292,-0.013318433426320553,0.0
15,0.5627941489219666,0.19372649490833282,-0.016553793102502823,0.0
16,0.542747974395752,0.21300524473190308,-0.016933346167206764,0.0
17,0.6039421558380127,0.2961094379425049,-0.02097496949136257,0.0
18,0.5923752784729004,0.2213938683271408,-0.0269516259431839,0.0
19,0.5683403015136719,0.20587293803691864,-0.02722644992172718,0.0
20,0.5500213503837585,0.21671231091022491,-0.02596919797360897,0.0
