Landmark,X,Y,Z,Visibility
0,0.6074047684669495,0.575701117515564,-1.1257917549301055e-06,0.0
1,0.5108607411384583,0.4868606925010681,-0.03369336947798729,0.0
2,0.5005183815956116,0.3412077724933624,-0.061298925429582596,0.0
3,0.5974221229553223,0.27430179715156555,-0.08809638023376465,0.0
4,0.6781200766563416,0.21458545327186584,-0.11428202688694,0.0
5,0.5029829740524292,0.2038196623325348,-0.03810955584049225,0.0
6,0.45031416416168213,0.14747479557991028,-0.09748154133558273,0.0
7,0.44008946418762207,0.2587984502315521,-0.1408800631761551,0.0
8,0.4482799768447876,0.3601529896259308,-0.16432783007621765,0.0
9,0.5784263014793396,0.18894365429878235,-0.04662655293941498,0.0
10,0.5098217725753784,0.12480786442756653,-0.10415598750114441,0.0
11,0.4920324385166168,0.2542591989040375,-0.1323520839214325,0.0
12,0.4952213764190674,0.3727377653121948,-0.14184288680553436,0.0
13,0.6520839333534241,0.20957991480827332,-0.061938684433698654,0.0
14,0.5937830209732056,0.12649859488010406,-0.11738944053649902,0.0
15,0.5640008449554443,0.24983882904052734,-0.13250155746936798,0.0
16,0.5503025650978088,0.3597511649131775,-0.13466952741146088,0.0
17,0.7176965475082397,0.25249534845352173,-0.07938504964113235,0.0
18,0.6252436637878418,0.3064044117927551,-0.13050280511379242,0.0
19,0.5821519494056702,0.41288691759109497,-0.14666058123111725,0.0
20,0.5634180903434753,0.4802825450897217,-0.15104025602340698,0.0
