Landmark,X,Y,Z,Visibility
0,0.4936876595020294,0.6045246720314026,-9.398688405326538e-08,0.0
1,0.5228797197341919,0.5843530297279358,-0.010969833470880985,0.0
2,0.5419974327087402,0.5090909600257874,-0.01294762920588255,0.0
3,0.5177978873252869,0.4591832458972931,-0.015131820924580097,0.0
4,0.49271082878112793,0.4266504943370819,-0.014536178670823574,0.0
5,0.551946222782135,0.4669182300567627,0.0038166993763297796,0.0
6,0.5628549456596375,0.42102712392807007,-0.010478818789124489,0.0
7,0.5509036779403687,0.4598945081233978,-0.019356699660420418,0.0
8,0.5388569235801697,0.4991947412490845,-0.02281070686876774,0.0
9,0.5253035426139832,0.4538913369178772,0.0027680720668286085,0.0
10,0.5347506999969482,0.4149641990661621,-0.013964383862912655,0.0
11,0.525871753692627,0.468991756439209,-0.02068651095032692,0.0
12,0.5194045901298523,0.5135921239852905,-0.020121103152632713,0.0
13,0.5014181733131409,0.4534509479999542,-0.0015027521876618266,0.0
14,0.5124791264533997,0.39871183037757874,-0.020741673186421394,0.0
15,0.5084819793701172,0.4575125277042389,-0.02139146439731121,0.0
16,0.5040409564971924,0.5001593828201294,-0.01678723655641079,0.0
17,0.4755626320838928,0.46218061447143555,-0.006399933248758316,0.0
18,0.49030789732933044,0.456116646528244,-0.02526729740202427,0.0
19,0.4914759397506714,0.5074962377548218,-0.027059486135840416,0.0
20,0.4924308955669403,0.5417495965957642,-0.023831166326999664,0.0
