Landmark,X,Y,Z,Visibility
0,0.8994987607002258,0.9545461535453796,-9.612145746018541e-09,0.0
1,0.8888121843338013,0.8919844627380371,-0.0027733887545764446,0.0
2,0.8793908953666687,0.8280158638954163,-0.008353126235306263,0.0
3,0.8650707006454468,0.7893832325935364,-0.01387729775160551,0.0
4,0.8523969054222107,0.7697458863258362,-0.020611874759197235,0.0
5,0.9054957628250122,0.8076302409172058,-0.020521292462944984,0.0
6,0.9023784399032593,0.7624760866165161,-0.03275570273399353,0.0
7,0.8935015201568604,0.7376002669334412,-0.041042476892471313,0.0
8,0.8826936483383179,0.7216130495071411,-0.0467003770172596,0.0
9,0.9055184125900269,0.8309748768806458,-0.02658981829881668,0.0
10,0.8826119899749756,0.7907861471176147,-0.037989258766174316,0.0
11,0.8616679310798645,0.774522066116333,-0.04525187984108925,0.0
12,0.8410146236419678,0.7681954503059387,-0.05126757174730301,0.0
13,0.899959921836853,0.8667811155319214,-0.03197447955608368,0.0
14,0.873127281665802,0.8343751430511475,-0.04488133639097214,0.0
15,0.8515530824661255,0.8209548592567444,-0.04971129447221756,0.0
16,0.8309600949287415,0.8156481385231018,-0.05254542455077171,0.0
17,0.8897156119346619,0.9084685444831848,-0.03661639615893364,0.0
18,0.8662616014480591,0.8870319128036499,-0.04853464290499687,0.0
19,0.8473231196403503,0.8769065737724304,-0.05131250247359276,0.0
20,0.8286238312721252,0.8724029064178467,-0.052604999393224716,0.0
