Landmark,X,Y,Z,Visibility
0,0.47195592522621155,0.6008655428886414,-2.8107796978815713e-08,0.0
1,0.50324547290802,0.5688360333442688,-0.01104399561882019,0.0
2,0.5153956413269043,0.4977269470691681,-0.014746199361979961,0.0
3,0.48476967215538025,0.44971346855163574,-0.01891968585550785,0.0
4,0.45697158575057983,0.4206024706363678,-0.021313808858394623,0.0
5,0.5207490921020508,0.4552167057991028,0.005592463072389364,0.0
6,0.529422402381897,0.4142218828201294,-0.00832612905651331,0.0
7,0.522141695022583,0.45146122574806213,-0.0181457307189703,0.0
8,0.5131078958511353,0.4901936650276184,-0.02243758738040924,0.0
9,0.49519458413124084,0.444420725107193,0.004396303556859493,0.0
10,0.5047021508216858,0.40328723192214966,-0.012109311297535896,0.0
11,0.49955323338508606,0.45807749032974243,-0.020293856039643288,0.0
12,0.49422687292099,0.5049706697463989,-0.020630275830626488,0.0
13,0.4713335335254669,0.44709622859954834,0.0001463865046389401,0.0
14,0.4810400903224945,0.3899258077144623,-0.02039339765906334,0.0
15,0.4807809889316559,0.4516209065914154,-0.022471986711025238,0.0
16,0.4782085716724396,0.49847814440727234,-0.017885752022266388,0.0
17,0.44537416100502014,0.46212801337242126,-0.004478953313082457,0.0
18,0.459743857383728,0.4434470236301422,-0.02524731680750847,0.0
19,0.4640415906906128,0.49602407217025757,-0.02724781632423401,0.0
20,0.46622729301452637,0.5346143245697021,-0.02347087487578392,0.0
