Landmark,X,Y,Z,Visibility
0,0.7345606088638306,0.5872236490249634,-7.163134796428494e-07,0.0
1,0.6512757539749146,0.5311180949211121,-0.057238947600126266,0.0
2,0.6474261283874512,0.3952440321445465,-0.09838711470365524,0.0
3,0.7512316107749939,0.3047617971897125,-0.13658903539180756,0.0
4,0.8376213908195496,0.24911227822303772,-0.17511138319969177,0.0
5,0.6224077939987183,0.2551848888397217,-0.059653859585523605,0.0
6,0.590130090713501,0.1835169494152069,-0.12877802550792694,0.0
7,0.5920985341072083,0.29443132877349854,-0.1778315007686615,0.0
8,0.6021146178245544,0.3926681876182556,-0.20395846664905548,0.0
9,0.6995266675949097,0.24191205203533173,-0.0625118687748909,0.0
10,0.6703923940658569,0.17059119045734406,-0.1383637934923172,0.0
11,0.6589764356613159,0.3199858069419861,-0.17488180100917816,0.0
12,0.6548567414283752,0.42244091629981995,-0.184744730591774,0.0
13,0.7736423015594482,0.2683120369911194,-0.0735921859741211,0.0
14,0.7521483898162842,0.16500449180603027,-0.14629264175891876,0.0
15,0.7240375280380249,0.30476170778274536,-0.16121123731136322,0.0
16,0.706149697303772,0.3998417258262634,-0.1549994796514511,0.0
17,0.8360565900802612,0.3174717128276825,-0.08714698255062103,0.0
18,0.7984069585800171,0.30516159534454346,-0.13825923204421997,0.0
19,0.7626023888587952,0.40037572383880615,-0.14114654064178467,0.0
20,0.7406806945800781,0.45094746351242065,-0.1328420490026474,0.0
