Landmark,X,Y,Z,Visibility
0,0.5946387052536011,0.6363849639892578,-6.908567229402252e-07,0.0
1,0.5304938554763794,0.5723220109939575,-0.024598510935902596,0.0
2,0.5207862257957458,0.4759245216846466,-0.0430309884250164,0.0
3,0.576935887336731,0.4295765161514282,-0.06164276599884033,0.0
4,0.6217358708381653,0.3964037001132965,-0.07907009869813919,0.0
5,0.5276080369949341,0.3966829478740692,-0.02182989940047264,0.0
6,0.5066739916801453,0.34582576155662537,-0.06399691849946976,0.0
7,0.5076740980148315,0.4228905141353607,-0.09300903975963593,0.0
8,0.5198596119880676,0.49016597867012024,-0.10775122791528702,0.0
9,0.5764518976211548,0.3947441279888153,-0.029680082574486732,0.0
10,0.5596053600311279,0.3186505138874054,-0.07233937829732895,0.0
11,0.5477731823921204,0.40534713864326477,-0.08994893729686737,0.0
12,0.5499362349510193,0.4774148166179657,-0.09234699606895447,0.0
13,0.6228922605514526,0.4189198613166809,-0.04282781109213829,0.0
14,0.6112542152404785,0.33450594544410706,-0.08400693535804749,0.0
15,0.5889122486114502,0.4158934950828552,-0.08895400911569595,0.0
16,0.584105372428894,0.4776124656200409,-0.08377104252576828,0.0
17,0.6619420051574707,0.4576423168182373,-0.05756242573261261,0.0
18,0.6221392750740051,0.4548909366130829,-0.08992355316877365,0.0
19,0.5966342687606812,0.5190998911857605,-0.09305662661790848,0.0
20,0.5939579010009766,0.5548177361488342,-0.08929837495088577,0.0
