Landmark,X,Y,Z,Visibility
0,0.7263098359107971,0.5954422354698181,9.853824423089463e-08,0.0
1,0.6819518208503723,0.5171974897384644,0.00622442876920104,0.0
2,0.6605669260025024,0.43980592489242554,0.001300305943004787,0.0
3,0.6385669708251953,0.39211219549179077,-0.011076170019805431,0.0
4,0.6143229603767395,0.34682559967041016,-0.0236863624304533,0.0
5,0.711586058139801,0.35358503460884094,0.010499062947928905,0.0
6,0.725389301776886,0.250194787979126,-0.0020008261781185865,0.0
7,0.7317630648612976,0.18933017551898956,-0.011578461155295372,0.0
8,0.736901581287384,0.13526462018489838,-0.01983156055212021,0.0
9,0.7248885035514832,0.3615821897983551,-0.006334003526717424,0.0
10,0.7008903622627258,0.27110910415649414,-0.027577396482229233,0.0
11,0.6634644865989685,0.27023184299468994,-0.03790102154016495,0.0
12,0.6408694982528687,0.2846561074256897,-0.042893968522548676,0.0
13,0.7329705357551575,0.38330599665641785,-0.02511386200785637,0.0
14,0.706375002861023,0.2945551872253418,-0.045810144394636154,0.0
15,0.6612600684165955,0.2984943985939026,-0.050584133714437485,0.0
16,0.6322843432426453,0.32138949632644653,-0.05059477686882019,0.0
17,0.7344952821731567,0.4122171401977539,-0.044284772127866745,0.0
18,0.7237008213996887,0.3353864550590515,-0.06077231094241142,0.0
19,0.6916307210922241,0.3127484917640686,-0.06688755750656128,0.0
20,0.6646319627761841,0.31418347358703613,-0.06944639980792999,0.0
