Landmark,X,Y,Z,Visibility
0,0.30262070894241333,0.7806155681610107,2.2561455637060135e-07,0.0
1,0.36216163635253906,0.7275012731552124,0.018436521291732788,0.0
2,0.39528122544288635,0.6560401320457458,0.019378500059247017,0.0
3,0.42479071021080017,0.6100780963897705,0.008807576261460781,0.0
4,0.45697125792503357,0.5726186037063599,-0.0037706205621361732,0.0
5,0.3335590064525604,0.5696765184402466,0.03368633612990379,0.0
6,0.35419976711273193,0.4908958077430725,0.02910447120666504,0.0
7,0.3675388991832733,0.4419902563095093,0.02328147180378437,0.0
8,0.3766275644302368,0.40308094024658203,0.016245145350694656,0.0
9,0.31660622358322144,0.5728220343589783,0.0074982368387281895,0.0
10,0.3609004020690918,0.49918195605278015,-0.01424734853208065,0.0
11,0.4107516407966614,0.5084254145622253,-0.030925337225198746,0.0
12,0.44282424449920654,0.5380647778511047,-0.03750045597553253,0.0
13,0.30419638752937317,0.5849577188491821,-0.01938210055232048,0.0
14,0.3526015281677246,0.5137081146240234,-0.04053213819861412,0.0
15,0.40385502576828003,0.5292393565177917,-0.04998636990785599,0.0
16,0.43641650676727295,0.5601368546485901,-0.05154949799180031,0.0
17,0.3004242181777954,0.6049478650093079,-0.04540064558386803,0.0
18,0.3401682376861572,0.5415453314781189,-0.06186828389763832,0.0
19,0.38422074913978577,0.5356117486953735,-0.06788834929466248,0.0
20,0.4176923334598541,0.5479030013084412,-0.06956006586551666,0.0
