Landmark,X,Y,Z,Visibility
0,0.340804785490036,0.5693815350532532,4.4032395862814155e-07,0.0
1,0.3732140362262726,0.5163083076477051,-0.022338464856147766,0.0
2,0.3827130198478699,0.42828086018562317,-0.030501874163746834,0.0
3,0.36424389481544495,0.36366117000579834,-0.038441210985183716,0.0
4,0.3324272036552429,0.32686495780944824,-0.04520246013998985,0.0
5,0.3580639958381653,0.32352328300476074,-0.010668917559087276,0.0
6,0.35146763920783997,0.23854359984397888,-0.020477473735809326,0.0
7,0.3415881097316742,0.17727264761924744,-0.02892134338617325,0.0
8,0.3300352990627289,0.12462528795003891,-0.03606465086340904,0.0
9,0.33181890845298767,0.32373714447021484,-0.011362522840499878,0.0
10,0.33278602361679077,0.22563667595386505,-0.0206606388092041,0.0
11,0.34138399362564087,0.16451552510261536,-0.026707394048571587,0.0
12,0.3451801836490631,0.11377770453691483,-0.03129684552550316,0.0
13,0.3075680136680603,0.3482467830181122,-0.015497002750635147,0.0
14,0.3008711338043213,0.2696059048175812,-0.03785780817270279,0.0
15,0.3214101195335388,0.3150525391101837,-0.04150386527180672,0.0
16,0.334138423204422,0.3636995553970337,-0.037940580397844315,0.0
17,0.28504472970962524,0.3885835111141205,-0.021636100485920906,0.0
18,0.2835403084754944,0.32588186860084534,-0.04406692460179329,0.0
19,0.30551475286483765,0.3457724153995514,-0.047226421535015106,0.0
20,0.32185620069503784,0.3822046220302582,-0.045239005237817764,0.0
