Landmark,X,Y,Z,Visibility
0,0.3460298180580139,0.5692958235740662,4.491366496495175e-07,0.0
1,0.37732914090156555,0.5198532342910767,-0.02255190536379814,0.0
2,0.388837993144989,0.4350532591342926,-0.03094412572681904,0.0
3,0.3729099929332733,0.3738363981246948,-0.038878533989191055,0.0
4,0.34562990069389343,0.33102676272392273,-0.045468706637620926,0.0
5,0.3669329583644867,0.33360907435417175,-0.00987406075000763,0.0
6,0.3610263764858246,0.2503398060798645,-0.019112493842840195,0.0
7,0.35326623916625977,0.18759776651859283,-0.02671189419925213,0.0
8,0.3431086540222168,0.13706113398075104,-0.032608069479465485,0.0
9,0.34157297015190125,0.335662841796875,-0.010586047545075417,0.0
10,0.3409768044948578,0.2351815104484558,-0.017778269946575165,0.0
11,0.3499305248260498,0.17369039356708527,-0.02174200676381588,0.0
12,0.353187620639801,0.1224517747759819,-0.024274224415421486,0.0
13,0.3186568319797516,0.35940977931022644,-0.015073655173182487,0.0
14,0.31390857696533203,0.2797810733318329,-0.035875096917152405,0.0
15,0.3355772793292999,0.32158970832824707,-0.03915562853217125,0.0
16,0.34636813402175903,0.3662058115005493,-0.035085491836071014,0.0
17,0.2964005768299103,0.39805033802986145,-0.021727727726101875,0.0
18,0.2968258857727051,0.33015480637550354,-0.043348975479602814,0.0
19,0.3192509412765503,0.3476986587047577,-0.04657655581831932,0.0
20,0.3345329761505127,0.38147521018981934,-0.044412750750780106,0.0
