Landmark,X,Y,Z,Visibility
0,0.6918087005615234,0.6407070159912109,4.2719250359368743e-07,0.0
1,0.6635242104530334,0.5764442086219788,-0.022527139633893967,0.0
2,0.6513735055923462,0.48447903990745544,-0.034834232181310654,0.0
3,0.6837673187255859,0.4163099229335785,-0.04773750156164169,0.0
4,0.7221376895904541,0.3711651861667633,-0.05849120765924454,0.0
5,0.6653060913085938,0.37181681394577026,-0.01244750339537859,0.0
6,0.6773181557655334,0.2842918932437897,-0.037259574979543686,0.0
7,0.6913545727729797,0.22494441270828247,-0.05366145074367523,0.0
8,0.7068451642990112,0.1686580926179886,-0.06454818695783615,0.0
9,0.6992170810699463,0.37392720580101013,-0.017887147143483162,0.0
10,0.696760356426239,0.25641223788261414,-0.04612582549452782,0.0
11,0.6929577589035034,0.2064993977546692,-0.05890399217605591,0.0
12,0.698270857334137,0.1446048617362976,-0.06285358965396881,0.0
13,0.7318242788314819,0.4064197838306427,-0.027126368135213852,0.0
14,0.7283909916877747,0.3706030547618866,-0.06321956217288971,0.0
15,0.7086760401725769,0.4532656967639923,-0.057553552091121674,0.0
16,0.7053574323654175,0.4854965806007385,-0.04257742688059807,0.0
17,0.7592372298240662,0.4593389928340912,-0.03879018500447273,0.0
18,0.7511911392211914,0.42647334933280945,-0.06101854890584946,0.0
19,0.731658399105072,0.48168542981147766,-0.05134980008006096,0.0
20,0.7269768714904785,0.5033932328224182,-0.03833833709359169,0.0
